"","Control","Control.1","Control.2","Disease","Disease.1","Disease.2","t_test_p_value"
"A0MZ66",0.2104704,0.1500479,0.349621,0.1853332,-0.3266268,-0.1099098,0.091030562617095
"A5YM72",0.2900964,0.5558553,0.4895474,0.2948929,-0.8526261,-0.1667579,0.204729378664426
"A6NCE7",0.03262778,0.12671737,0.06120747,-0.06377451,0.11824651,0.10985601,0.322910305355493
"A8MU93",-0.2063281,-0.5868956,-0.5170022,-0.5534595,-0.4775654,-0.6639799,0.877046555965432
"B7Z368",-0.3508735,-0.651346,-0.4719242,-0.9136596,-1.1424124,-1.0651911,0.0705702497192763
"O00116",-0.9500004,-1.3388331,-1.3581652,-0.8565953,-0.6996127,-0.896821,0.138790384901592
"O00154",0.6222351,0.5894065,0.5114328,0.6081955,0.6267859,0.4566348,0.800028968326095
"O00159",-0.1053501,-0.18833437,-0.75088559,-0.6266445,0.02580554,-0.25768148,0.16692664381693
"O00186",-1.0626965,-0.9932888,-0.9299814,-1.1295415,-1.3794406,-1.3527576,0.0229901154837531
"O00217",-1.3983377,-1.4967214,-1.5241567,-1.2663825,-0.9465415,-1.3000858,0.301297070354881
"O00429",-1.0966232,-1.1450867,-1.1187619,-1.0919629,-0.8277032,-0.9319148,0.113792057466389
"O00483",-0.31101752,-0.76223701,-0.2676523,-0.13283837,0.0128006,-0.08436101,0.202606492588369
"O00499",0.25152806,0.33747487,0.24581588,0.3074327,0.17691622,-0.05969377,0.280986598655208
"O00533",-1.346149,-1.283623,-1.586781,-1.471943,-1.3506,-1.419665,0.565877925191232
"O00560",-0.7010193,-0.5655211,-0.7127188,-0.6386747,-0.6470847,-0.7572665,0.453317976190657
"O00567",-0.3206355,-0.4147876,-0.3543759,-0.1725667,-0.9346833,-0.4036031,0.397731560762789
"O14531",0.6093044,0.8106321,0.8729803,0.6630772,0.3996431,0.5734019,0.108190242448623
"O14594",2.139728,2.152241,1.644631,1.812954,1.761571,1.218947,0.368651520551014
"O14617",0.2247499,0.3422094,-0.1095479,0.178349,0.3294729,0.2109161,0.43282218996982
"O14734",-0.4981731,-0.7056526,-0.7350993,-0.8755184,-0.4857936,-0.6848421,0.271042862867479
"O14745",-0.4690399,-0.5392736,-0.5496715,-0.6652857,-0.6346954,-0.7467648,0.262643416622005
"O14773",0.9692247,0.8704183,0.9323934,0.8775398,0.9933756,0.7079971,0.814857924885806
"O14818",2.029549,1.947539,1.952933,1.925393,1.953374,1.933385,0.92188125935979
"O14880",-0.13826337,-0.24887241,-0.32318685,-0.13943837,0.05163901,-0.14576067,0.262052448265654
"O14907",-0.08197727,0.01262483,0.1219572,-0.07212275,-0.37258254,-0.27457659,0.0209618018263397
"O14966",-0.2450271,-0.2562978,-0.1322755,-0.3055832,-0.4436906,-0.5065781,0.0282539320758798
"O14972",-0.9208384,-0.736534,-0.9741166,-0.7467794,-0.9974495,-1.1008923,0.0904832653772348
"O15075",-0.5469462,-1.3327981,-0.9963118,-0.7513284,-0.1792282,-0.3483665,0.0313065933213324
"O15083",-0.843316,-0.9787648,-0.8650354,-0.9966192,-0.622399,-0.8920928,0.379637861895327
"O15145",-0.7056412,-0.3442532,-0.4900087,-0.4869801,-0.4916329,-0.6489968,0.309409649747533
"O15230",0.4524865,0.6349092,0.4303811,1.2279782,0.8768897,0.5166434,0.835801982640021
"O15254",0.7216171,0.374986,0.5479594,0.5017042,0.6496126,0.4401753,0.626583509655127
"O15258",-0.049124142,-0.120272208,-0.093099587,0.12449333,0.002266816,0.028502007,0.621784941804039
"O15394",-0.4719978,-0.377434,-0.4617598,-0.3966019,-0.1742548,-0.4012202,0.465833910788769
"O15540",-1.4211392,-1.1921866,-1.0265968,-1.174241,-0.4158559,-0.3622183,0.00150624223846877
"O43149",-0.669224,-0.8562649,-0.6161042,-0.5594829,-0.3503557,-0.3305472,0.06420785541026
"O43175",0.6820433,0.6906626,0.884234,0.6961345,0.3289939,0.4829178,0.0589108958903503
"O43242",0.4563492,0.7053553,0.3641743,0.6400734,0.7701059,0.6695838,0.294353904324128
"O43301",0.7048068,0.7605959,0.701469,0.5865756,0.5972404,0.4751556,0.188820539684575
"O43390",0.6359815,0.1680018,0.3883145,0.3697993,0.3736254,0.3124725,0.689243177265063
"O43396",-0.5361537,-0.8955333,-0.4417818,-0.9321297,-0.2475791,-0.4676234,0.129713517491683
"O43426",0.056341223,-0.018599641,-0.145275831,-0.145598521,-0.123339906,0.009387868,0.621588206830804
"O43491",0.379106056,0.58820195,0.158093088,0.263299887,-0.001496596,-0.023925314,0.11323851150642
"O43615",-0.9617261,-1.1025983,-1.1469316,-1.0532011,-0.9747935,-0.7100661,0.291374351118832
"O43674",-0.4249524,-0.5608626,-0.6881256,-0.7806839,-0.646492,-0.515322,0.382491664564546
"O43681",-0.9995244,-0.9128763,-1.0121846,-1.0358723,-0.8664597,-1.0436918,0.783909475998478
"O43707",-0.36905863,-0.12898915,-0.37275286,-0.08469976,-0.37625125,-0.28103232,0.285304315912027
"O43759",-0.28535693,-0.33605132,-0.26926597,-0.11656675,-0.03544208,0.10543384,0.0785762580672298
"O43761",-0.143013077,-0.222224315,-0.167526072,-0.129580819,0.002634335,0.0190581,0.014773748909788
"O43813",0.2227838,0.276042552,0.378881336,0.202353884,0.081166316,-0.008779742,0.0379745186618056
"O43865",-0.4664239,-0.6581637,-0.1117195,-0.4226076,-0.2559332,-0.3300695,0.580538797863647
"O60282",-0.5952089,-1.03848,-0.9589237,-0.6237046,-0.3690181,-0.6529454,0.173094145427202
"O60493",-0.11960894,-0.20025911,-0.05734838,-0.13474555,-0.26221608,-0.33462926,0.05867536125827
"O60506",-0.5316624,-0.7113238,-0.6324811,-0.6023604,-0.6739633,-0.9057015,0.427999945989346
"O60641",-0.36333176,-0.09181765,-0.94555406,-0.30065033,0.17444465,-0.66382543,0.726386810952276
"O60664",-1.0999854,0.3486208,-0.6259509,-0.1153835,-1.2613058,-1.118519,0.0566048121134822
"O60749",-0.3356739,-0.2394674,-0.6393555,-0.2278416,-0.4872883,-0.5748288,0.355439125990775
"O60783",-0.745108,-0.7363192,-0.2261904,-0.3137344,-0.8335223,-0.6701784,0.169106370795173
"O60831",0.2955773,0.3393245,0.2663081,0.3940276,0.3656011,0.3623454,0.493335755038451
"O75061",-0.0351,-0.334,-0.192,-0.00482,-0.294,1.02e-07,0.881121786618994
"O75083",0.69565,0.7970879,0.8023071,0.7225029,0.6193497,0.6739224,0.0540477681135548
"O75122",-0.976803,-1.1045056,-0.9172835,-0.9182024,-1.1830593,-0.9811677,0.489601130392977
"O75190",-0.6480831,-0.4442713,-0.4404649,-0.4326185,-0.7078011,-0.8285322,0.114555658175972
"O75306",-0.9789008,-0.5544255,-0.4271604,-0.545257,-0.4930255,-0.5411071,0.875463551589743
"O75340",-0.8528359,-0.2076896,-0.105869,-0.4074072,-0.3337075,-0.3089729,0.457484492404897
"O75367",0.8690473,0.9033785,0.7787711,0.8892175,0.9404539,0.82972,0.720386660573693
"O75390",0.3587509,0.1138179,0.3512068,0.2871675,0.6483951,0.4621203,0.11359431552982
"O75489",0.05040629,-0.17685223,-0.10429674,-0.06095873,0.01028125,-0.13559654,0.609115094619547
"O75508",1.1847177,1.2408228,1.2598327,1.2397057,1.0978103,0.8728263,0.257706629064085
"O75689",-0.3388152,-0.2557691,-0.2828799,-0.4074072,-0.9358214,-0.5142809,0.291042894370498
"O75746",-0.45311912,-0.24069374,-0.12134386,-0.25863643,0.20147169,-0.09091139,0.306200085349864
"O75781",-0.3444386,-0.443253,-0.4586569,-0.4798389,-0.7206286,-0.3717701,0.709502069681917
"O75915",0.7787128,0.9211082,0.8055091,0.8720542,1.0397331,0.8891688,0.396341390855088
"O75947",0.11592111,0.06038387,0.20527454,0.19724606,0.37448951,0.27338445,0.106849279084355
"O75955",2.009111,1.893901,1.818157,2.033625,2.027307,1.907703,0.593453602421474
"O75964",-0.7465836,-0.656291,-0.6047034,-0.3807236,-0.2120284,-0.3180499,0.0672622465782258
"O76070",-0.5372964,-0.2379433,-1.5853399,-0.5307984,-0.5211092,-0.6083813,0.645394282076517
"O94760",0.05892824,0.1665992,0.24096785,0.1345551,0.10388248,0.36917456,0.746960251298152
"O94806",3.023621,2.927965,3.160665,1.066423,2.854248,2.740211,0.597832044139866
"O94811",0.4804267,0.4730768,0.5389969,0.4039152,0.4107787,0.3818243,0.184705375920762
"O94819",-0.1913558,-0.2179049,-0.2310344,-0.2812685,-0.1564988,-0.2254434,0.338981925461058
"O94826",-1.3086489,-1.26434,-1.3119914,-1.3335407,-0.9904623,-0.6991238,0.189955057588124
"O94832",1.0488308,1.1917435,1.2069849,0.9006479,0.5900445,0.5886357,0.0360690531677801
"O94856",0.6015379,0.3472225,0.5957063,0.408141,0.5721583,0.5892254,0.222275864124827
"O94919",0.9525982,1.1440785,0.965121,0.9854254,0.8999865,0.7667565,0.132353688361635
"O94925",-0.085892401,-0.630025768,-0.024426494,-0.013534721,0.008387896,0.141166668,0.280144350801519
"O94973",0.680555,0.7214333,0.6200393,0.5530355,0.7051462,0.6928762,0.301167966309616
"O95140",-0.4736264,-0.4399096,-1.2153118,-0.6086983,-0.743671,-0.5247312,0.677482399067868
"O95197",0.4815936,0.5662528,0.586524,0.5679675,0.7793789,0.7143151,0.107096452337812
"O95202",-1.3384868,-1.3027148,-1.4061531,-1.0466,-0.3793292,-0.7854204,0.131805905974654
"O95299",-0.3188085,-0.5538524,-0.3852635,-0.3286749,-0.2525864,-0.3180616,0.173627339471507
"O95563",-0.8860382,-0.8359887,-1.0186081,-0.806587,-0.6444758,-0.7768544,0.167547636945923
"O95670",-0.03417503,0.0154195,0.04752791,0.10067396,0.18675117,-0.09118676,0.969184602660408
"O95716",-0.11387415,-0.02963205,-0.12601842,-0.08148383,0.09962716,0.08478962,0.0199822365993533
"O95782",1.24257,1.425902,1.132057,1.239666,1.39933,1.341799,0.349065747260299
"O95810",-1.4798144,-0.8748334,-0.5593943,-0.3235885,-0.3250448,-1.0676889,0.819914520027105
"O96000",-1.1499781,-1.1382307,-1.1777874,-0.9369647,-0.8283806,-0.6343931,0.0936529090868841
"P00338",0.601558,0.6941974,0.6688678,0.595589,0.8286249,0.7667183,0.0537388919698145
"P00367",0.5131782,0.4438771,0.5227759,0.5831519,0.8468929,0.9071364,0.00566127338577611
"P00387",-0.105350097,-0.056689988,-0.23019154,-0.004858749,-0.019533869,-0.144271775,0.879292776784241
"P00390",0.28819882,0.32201594,0.24867888,0.12789822,0.11821656,0.06741871,0.120060783748833
"P00403",0.13203709,0.06873913,0.01828435,0.13554234,0.47051549,0.23019735,0.24165043263551
"P00414",-0.6748069,-1.2322924,-0.4124347,-1.3776437,-0.3417857,-0.6105705,0.216042035328467
"P00441",0.8051376,0.8733965,0.7977872,0.6277877,0.8649066,0.6495237,0.950715149319548
"P00450",0.31636963,0.41928812,0.20265524,-0.07279063,-0.33540647,-0.33683024,0.0676699373104263
"P00488",0.2673236,-0.2726723,-0.5648877,-0.2720592,-0.3019191,-1.1592053,0.551766198769078
"P00492",0.7178673,0.7075889,0.7165993,0.544036,0.6307422,0.5935734,0.52310701912556
"P00505",1.751913,1.66973,1.673593,1.534416,1.688617,1.567639,0.979216418732592
"P00558",0.8895658,0.8768779,0.8705808,0.7496964,0.9853735,0.8666553,0.326352176743783
"P00568",-0.38066686,-0.07643719,0.067841,-0.13210302,-0.17348025,-0.10776526,0.265932593988229
"P00738",0.3864215,-0.3326085,0.8272019,-0.2277108,-0.2445581,-0.3227076,0.420509076796209
"P00846",-0.2255165,-0.274427,-0.3628293,-0.3102403,-0.1200928,-0.2105329,0.12517736809728
"P00915",0.6067508,0.2918952,0.6028121,0.4503717,0.2465413,0.3244047,0.206899595885037
"P00918",0.7268582,0.8138371,0.8308478,0.7526763,0.5071203,0.5430573,0.00275907204820135
"P01009",0.183083,-0.3248345,0.2324718,-0.3581561,-0.3789339,-0.1788659,0.595804537949134
"P01011",-0.04228374,0.14387467,0.7053381,-0.25409525,-0.15444028,-0.11336022,0.354818559695678
"P01023",0.15065152,0.31118674,-0.09872077,-0.07920123,-0.09906397,-0.07811507,0.424160277862055
"P01024",-1.063717884,-0.003394312,-0.662845446,-0.938716101,-0.075633327,-1.360817291,0.827080575367669
"P01040",-0.301817,-0.72759,-0.3175552,-0.8032763,-0.4041926,-0.1178916,0.194335498615528
"P01116",-0.6278556,-0.6878764,-0.6682353,-0.7289956,-0.9162253,-0.8895748,0.0026456562899188
"P01591",-0.5870057,-0.7750378,-0.6234682,-0.6161846,-0.8310164,-0.9627945,0.104040690472457
"P01834",0.04422239,-0.16750811,-0.34701355,-0.23086154,-0.18381471,-0.29096495,0.893285638692502
"P01857",1.5087226,1.1481823,1.0507845,1.052761,0.7405793,0.9171817,0.179681036301622
"P01859",0.50981598,0.36624283,-0.02395192,0.19033249,0.06467278,0.10766144,0.504854378130689
"P01860",0.17916834,0.11005073,-0.13532963,0.12194542,-0.23069562,-0.05212551,0.266196521440529
"P01876",1.0591384,0.8742542,0.7769776,0.9624556,0.3428179,0.8651502,0.488603483711776
"P02042",0.03527072,-0.13203345,0.04456739,-0.14995118,-0.35627665,-0.43927331,0.0237376877694655
"P02452",-0.45989414,0.09905262,0.86878819,1.3038702,0.45036026,0.48924282,0.500345725334681
"P02462",0.9219796,0.5916647,1.1397709,2.0924535,1.5929051,1.5431851,0.572451325892029
"P02511",1.914792,2.014286,2.149569,2.090911,1.596026,1.731121,0.0464320553986349
"P02533",1.060132,1.124666,1.318929,1.312024,1.189744,1.507336,0.652441931096958
"P02538",-1.045308035,-0.085323287,0.075169831,-0.002087836,-0.261224783,0.03795469,0.600948123124925
"P02545",-0.357972207,-0.005347281,-0.190847484,-0.126782771,0.092205727,-0.102086091,0.471097128809904
"P02647",0.20859238,0.02405278,-0.06749717,0.10554714,-0.14085195,-0.09314005,0.0970928621386795
"P02649",0.8164312,2.1282341,1.0231699,1.0397445,1.0979044,1.0185127,0.452221183849986
"P02671",1.567963,1.019687,1.613144,1.390135,1.09877,1.563419,0.97573172788685
"P02675",1.6455821,1.1228192,1.6858696,1.3490195,0.9190174,1.5461635,0.717050308102733
"P02679",1.575644,1.135028,1.609666,1.454905,1.119813,1.57763,0.868433508950438
"P02686",2.450613,2.86351,2.661408,2.608787,2.24655,2.175208,0.0133160659298492
"P02689",1.0629051,1.2149866,1.2398657,0.9881395,0.4859922,0.8390059,0.177802129788133
"P02741",-0.1057288,-0.2309318,-0.2023168,-0.7368238,-0.6530571,-0.5756055,0.324797243603447
"P02743",-0.08748999,0.62859802,-0.51413241,-0.45827032,0.35374985,-0.47975198,0.933415447557927
"P02746",0.43308482,0.03395227,0.08690194,-0.03224115,-0.09608101,-0.18382401,0.0831948864778811
"P02747",0.56696328,0.64730405,0.62911773,0.39493301,0.06834997,0.31086552,0.134097734568695
"P02751",1.1546056,0.7458129,0.6509645,1.3316921,1.1071942,1.0708891,0.488034529356866
"P02763",-0.009930351,-0.388230469,0.256716473,-1.02514882,-1.053336031,-0.946848039,0.237070424157798
"P02768",1.520335,1.564583,1.48452,1.345853,1.260835,1.350976,0.134754527322521
"P02787",0.21702154,0.20623612,-0.26313824,-0.07584116,-0.12256755,-0.19504018,0.49333613540969
"P02788",-0.3569705,-0.1979403,0.0208232,0.5174871,-1.0403036,-0.4726213,0.127540240998083
"P02792",3.24211,3.0784,3.255607,3.018872,3.198937,3.041048,0.983905146673975
"P02794",3.849264,3.660017,3.776196,3.694933,3.626972,3.476574,0.242983354168713
"P02810",0.01314896,-0.51416392,0.52139873,0.73930763,-1.44119538,-1.05349316,0.0457099152474989
"P04003",-0.04597149,0.22693012,-0.117221,-0.28401474,-0.86966323,-0.91480878,0.0287628309805287
"P04004",-0.8323668,-0.4626483,-1.4856005,-0.6844393,-0.1295899,-0.7694379,0.417291230438259
"P04040",1.50805,1.384805,1.395671,1.192266,1.065573,1.076968,0.0609185985056086
"P04075",1.275701,1.317342,1.31991,1.283797,1.397318,1.383974,0.00915054899454331
"P04080",-0.53204485,-0.61902559,-0.2027342,-0.08316852,-0.16514225,-0.60854857,0.785054132133334
"P04083",-0.7997464,-0.81710986,-0.85911355,-0.03510282,-0.42916985,-0.74418629,0.961703395951916
"P04156",1.1867955,0.9294232,1.1971787,1.0805316,0.6143716,0.8752361,0.186118675522375
"P04179",1.023705,1.0344773,0.9882852,0.9081267,1.0857281,0.9249479,0.788870221382746
"P04216",1.0995862,0.9776542,1.1773798,1.0385841,1.0292082,1.0066752,0.514936863737534
"P04264",2.694516,2.646498,2.908185,2.822007,2.733476,2.990456,0.693342923755675
"P04350",1.245586,1.33966,1.358108,1.18024,1.08927,1.092491,0.070046670528451
"P04406",2.640671,2.691297,2.287476,2.450454,2.381635,2.170484,0.298481730070791
"P04792",-0.032952189,-0.006443304,-0.048831296,0.136419888,0.27475662,0.192462558,0.0591092288793461
"P04899",0.8688084,0.7616124,0.9504459,0.8168204,0.5729368,0.7509913,0.240537251911702
"P05023",0.8766318,1.0218799,0.9107647,0.8342232,1.0362097,0.8020458,0.983407972131449
"P05026",1.153491,1.212651,1.187292,1.11515,1.245457,0.980406,0.73462889524438
"P05067",-0.51415735,1.30655669,0.02071622,0.18169975,1.58461439,-0.54805124,0.991065823115583
"P05089",-1.5495141,-0.9881941,-0.7100054,-0.8643672,-0.6663469,-0.6179886,0.10959771439911
"P05090",0.23054339,0.46789756,0.44713266,0.31356937,0.17324315,0.05587185,0.048430172052933
"P05091",0.15669249,0.01796777,-0.06825156,-0.03596838,0.26143835,0.18853846,0.0306066805367184
"P05109",-0.5484478,-0.4969363,0.3904128,0.580556,0.0515203,-0.1085816,0.634825119031401
"P05129",-0.1395566,-0.2804674,-0.5694787,-0.3815243,-0.4566158,-0.456271,0.641738152485768
"P05141",-0.004032371,0.111761351,-0.018384913,0.088751544,0.300463458,0.099769961,0.377202758109392
"P05164",-1.4446451,-1.0541369,-0.771424,0.2406366,-0.6743718,-1.2589129,0.436906919530548
"P05771",-0.8254375,-0.752339,-1.0383667,-1.2975575,-0.718855,-0.6353805,0.147800888603536
"P05937",-1.1734833,-0.9768168,-1.0128102,-1.0509489,-0.9243542,-0.6112314,0.357334044844012
"P06239",-0.6534714,-0.5033129,-0.5240512,-0.7032237,-0.6865414,-0.7579374,0.143348006141025
"P06310",-0.02515887,-0.26767105,-0.36200944,-0.26312625,-0.31041425,-0.55818537,0.461627304441872
"P06396",1.1834462,1.1624964,1.2716288,1.0727299,0.8469041,0.9378847,0.033305895994969
"P06576",1.109967,1.097342,1.119862,1.09779,1.40438,1.324775,0.0876592223969971
"P06702",-0.4399585,-0.3745809,-0.1087184,0.618531,-1.1176558,-0.1139331,0.39066054621672
"P06727",0.8064558,0.8393237,0.926641,0.7445261,0.2938783,0.3945439,0.00872078782254419
"P06733",1.792184,1.818914,1.8817,1.606455,1.788509,1.728855,0.91579124707269
"P06744",1.116013,1.482349,1.260726,1.433039,1.377038,1.144661,0.447365992836213
"P06748",0.28931361,-0.01791157,0.14040764,0.12800203,-0.02152904,0.05268442,0.359582383365339
"P06753",0.04646423,0.45798879,0.18423736,0.11237945,0.20934153,0.25029319,0.857122078528527
"P07099",0.8904964,0.9417619,0.8465597,0.9191135,0.9548773,0.8250934,0.882237463718365
"P07195",1.520988,1.467866,1.637773,1.354462,1.511259,1.507787,0.807653768566508
"P07196",1.593528,2.116937,1.680497,1.490362,1.501432,1.207675,0.184163414520654
"P07197",1.93056,2.248915,1.8241,1.69537,1.578182,1.331774,0.109858333952482
"P07203",-0.56991518,-0.08031146,-0.50270016,-1.07588211,-0.18299898,-0.25245888,0.365029425935684
"P07237",-0.8482666,-0.9971768,-0.7591255,-0.7971128,-0.867409,-0.7215263,0.627071955565748
"P07305",1.403143,1.338779,1.327943,1.344209,1.332482,1.196919,0.478986481935126
"P07339",0.7386809,0.8042077,0.7700782,1.0065553,1.1124885,0.8507897,0.518872553575859
"P07355",0.04029671,0.08474118,-0.08093145,0.0640245,0.2638437,0.04681024,0.418062706100764
"P07437",0.6693736,0.5916413,0.6446734,0.5504271,0.6165447,0.532556,0.71807855002635
"P07602",1.630302,1.401808,1.546288,1.525457,1.44582,1.38432,0.257561378663571
"P07737",0.22441006,0.16049383,0.36506279,0.22788202,-0.01778534,0.09810306,0.09400413325156
"P07900",0.9634299,0.9927747,1.0976313,0.8233237,1.035884,0.9644053,0.765496075967743
"P07910",0.6889328,0.4228328,0.1263975,0.217134,0.3160088,0.2881236,0.649809957249807
"P07954",-0.806767,-1.0735913,-0.7810649,-1.0933431,-0.5646136,-0.281043,0.0838939890094054
"P08123",-0.306945912,-0.355221006,0.463551527,0.894580597,0.19200351,0.003945582,0.589668689681136
"P08133",0.5926467,0.7184998,0.6370407,0.5562741,1.1678696,0.917202,0.156379307093516
"P08195",-0.7604913,-0.4671114,-0.7613059,-0.576287,-0.4502271,-0.4397033,0.209348494988697
"P08237",-0.2844597,-0.366878,-0.423624,-0.4278433,-0.1769884,-0.4394575,0.591007101948001
"P08238",1.415405,1.432722,1.360561,1.20525,1.211753,1.25822,0.281060177383226
"P08247",0.2502441,0.4561335,0.486782,0.5273238,0.7392625,0.7336746,0.00618090593287948
"P08311",-1.2623704,-1.074254,-0.1978401,0.1429818,-0.884632,-1.3635804,0.184108563982646
"P08559",0.13,0.016,-0.19,0.109,0.163,5.68e-06,0.457906650401735
"P08572",0.7466227,0.3136948,1.223823,2.1197764,1.589539,1.5562516,0.567447881744206
"P08574",-0.2739552,-0.4187107,-0.4181711,-0.4393164,-0.1484223,-0.2724911,0.175036457240098
"P08621",-0.3053717,0.2600527,-1.2603538,-0.4737414,1.1820916,-1.6265576,0.880863015512705
"P08670",0.2687959,0.3937414,0.5796861,0.6175421,0.7582634,0.4147053,0.802180056581946
"P08758",0.6976515,0.681087,0.7299333,0.6194433,0.7105701,0.6598956,0.849976094586577
"P08779",-0.4744394,0.3014376,0.7943024,0.6540695,0.2072288,0.9664847,0.994118554321355
"P09104",2.149959,2.086974,2.050427,1.924214,2.066181,1.912236,0.767037676560696
"P09211",0.5775385,0.3981232,0.5604358,0.5689505,0.5203708,0.5736701,0.586409151916253
"P09382",0.1103283,0.2623375,0.4094746,0.305176,0.4070369,0.3818475,0.25297971514525
"P09417",1.372517,1.088464,1.41368,1.317948,1.051332,1.136952,0.199687444230806
"P09455",0.294,-0.363,1.02e-07,0.0795,-0.704,-0.0859,0.499972771979288
"P09471",1.46513,1.514534,1.569803,1.454633,1.507438,1.541263,0.782001970240299
"P09497",-0.9000431,-0.873277,-0.7656126,-1.0412456,-0.8717536,-0.7912839,0.54365272692079
"P09543",2.611568,2.705861,2.747628,2.585209,2.355488,2.351424,0.0214219474637025
"P09622",0.8983581,0.8758303,0.8256819,0.7664154,0.8701343,0.8104528,0.714126319909082
"P09651",0.6727464,0.4461463,0.2850625,0.3039856,0.3148296,0.1217845,0.391781577272809
"P09669",-0.27681568,-0.31507212,-0.27460059,-0.3113649,-0.02587247,0.18603594,0.168406101777379
"P09874",-0.5155806,-0.9599805,-1.1665838,-1.1391737,-1.1139292,-1.2415245,0.406519215616993
"P09936",1.108037,0.9850479,1.0782966,1.0246097,1.2260279,1.1276073,0.147620991933094
"P09972",1.289107,1.286613,1.367998,1.251702,1.436538,1.435122,0.0603680566259531
"P0C0L4",-0.1214313,1.1114424,0.0549657,-0.4200336,0.4737768,-0.2674325,0.81979187761273
"P0DMV9",0.5386211,0.5663026,0.6120941,0.5036025,0.3589079,0.3829121,0.0173879309692197
"P0DOX2",-0.109586,-0.0715371,-0.3195805,-0.2387729,-1.1268671,-0.3845305,0.373240888549547
"P0DOX7",1.2450152,0.9528924,0.7321741,0.9006284,0.5373558,0.7441633,0.224599372952947
"P0DOY3",0.67300216,0.37752889,0.30642482,0.4544971,-0.05923044,0.30073406,0.377423965240061
"P0DP25",0.890641,0.87106,1.0435703,0.8988239,0.8544566,0.8419397,0.234655696234942
"P0DPI2",-0.4809017,-0.572758,-0.543433,-0.4698191,-0.2105701,-0.4537722,0.340655282242716
"P0DUB6",-0.3729821,-1.7837033,0.3986688,0.8589358,0.1204457,-0.1867671,0.878729332618322
"P10155",-0.3603215,-0.5276008,-0.7138157,-0.442072,-0.1707569,-0.5275245,0.428885328188063
"P10253",-0.8758047,-0.8488588,-0.7247015,-0.8335978,-0.7855528,-0.9275747,0.586180647848963
"P10301",-0.9210325,-0.7119818,-0.8073251,-0.8031532,-0.1324288,-0.3877629,0.138232743209891
"P10515",1.420343,1.185261,1.154982,1.174905,1.236714,1.008677,0.741525357631885
"P10599",0.18294603,0.02645191,-0.00146116,-0.0347336,0.11908423,-0.08464583,0.874142240743764
"P10606",-0.1273535,-0.1251781,-0.0939811,-0.1810595,-0.1014612,-0.1986237,0.797078552890646
"P10636",0.0927674,1.9661487,0.1855325,0.1197823,0.363018,0.3986651,0.597332354469882
"P10644",-0.9394899,-0.5648814,-0.561672,-0.5888426,-0.9694689,-0.7727663,0.19980473114978
"P10768",-0.4534383,-0.5051269,-0.6486662,-0.3443359,-0.7876928,-0.3973425,0.720479656845615
"P10809",0.2062471,0.1642452,0.4649643,0.4632721,0.5865339,0.5977937,0.149677126943344
"P10909",0.28761965,1.09123597,0.02569818,0.39661391,0.85620126,0.65338492,0.513976862060941
"P10915",2.078076,2.041421,1.505896,1.755187,1.743684,1.04218,0.466896678859183
"P11021",0.24266636,0.14770651,-0.04259775,-0.22354496,0.20176335,0.16460106,0.170111103082261
"P11047",0.8400574,0.8600965,0.8841119,1.3611885,0.9767072,0.8703729,0.572456525515707
"P11137",0.5080752,0.8607284,0.3215098,0.4465669,0.4391489,0.682205,0.935961297979341
"P11142",1.040655,1.0886736,1.0732227,0.9777754,1.0289728,1.1144266,0.687942503739728
"P11166",-0.3657849,-0.2344548,-0.4230292,-0.292982,-0.1913483,-0.231632,0.192771708321077
"P11177",-0.01834789,-0.27580814,-0.24556996,0.10841606,-0.02814029,0.11954359,0.293707730218232
"P11216",0.3876069,0.2558281,0.4374396,0.3259908,0.4714726,0.4134144,0.191466545831686
"P11233",0.28956096,0.13057404,0.10689022,0.12628596,-0.12833058,-0.02112081,0.164390833096606
"P11310",0.44057157,-0.06248129,-0.23216611,-0.08242833,-0.03010805,-0.63562164,0.61702406469638
"P11387",-0.36357274,-1.19761171,-0.35690758,-0.01870418,-0.49486475,-0.81757563,0.757500969232497
"P11413",-0.8212685,-0.5787955,-0.3514649,-0.4420077,-0.6571801,-0.8329935,0.11383392528118
"P11766",-0.4135285,-0.270617,-0.3484923,-0.4549908,-0.6861595,-0.3799004,0.445994208693735
"P12036",0.8065561,1.4210641,1.098221,0.6991171,0.7273024,0.1234261,0.222338445055022
"P12109",-0.3448469,0.2081411,-0.6340486,-0.2061112,-0.3298753,-0.5058618,0.492689982641428
"P12110",-0.8003118,-0.3388814,-1.0839579,-0.6600863,-0.8127793,-0.9480697,0.485128957301936
"P12111",-0.6736316,-0.3936176,-0.9962932,-0.6570525,-0.9376908,-0.7626304,0.457524144550446
"P12235",0.5200923,0.5880364,0.477009,0.5194115,0.7226361,0.4817411,0.648377270552688
"P12236",1.289849,1.426315,1.218897,1.402232,1.538677,1.39804,0.317258890434557
"P12268",-0.7019478,-0.3366278,-0.5820576,-0.3866054,-0.2570688,-0.6889956,0.890996207133958
"P12273",-0.5000478,-0.6324561,-1.0220279,-0.6108106,-1.208124,-1.1755857,0.0801394988309931
"P12277",1.58865,1.562279,1.629381,1.517111,1.583303,1.515026,0.698818706536798
"P12532",2.445492,2.248677,2.380286,2.243793,2.330393,2.42216,0.286765923396888
"P12814",0.3156328,0.2187793,0.3576569,0.3171654,0.5277116,0.5172546,0.0304164045534414
"P12955",0.25949764,0.29241895,0.21851254,-0.03377842,0.08791094,0.15836595,0.759045006316293
"P12956",-0.1274827,-0.2598169,-1.0671667,-0.486817,-0.3219806,-0.3698821,0.394510653222065
"P13073",-0.09306364,-0.09872105,-0.03018225,-0.09650933,-0.0243311,0.01233874,0.0990481840701707
"P13489",0.4067133,0.2018658,0.4179512,0.1024696,-0.1577182,0.0766966,0.188345877494468
"P13591",0.9155529,1.1510132,0.9302795,1.0130055,1.0872231,1.1138686,0.396105537636792
"P13611",3.26741,3.526256,2.790244,2.574328,2.64666,2.107391,0.240847796343506
"P13637",1.454943,1.516296,1.472212,1.424528,1.546813,1.42924,0.825076757097429
"P13647",1.391046,1.30709,1.435386,1.393621,1.206863,1.615726,0.899712015484802
"P13693",-0.9452403,-0.8170076,-0.7658743,-0.9618823,-0.7892002,-0.8516285,0.705057463717156
"P13716",0.6268278,0.6760546,0.3596224,0.3418543,0.4736183,0.4215897,0.926043086901776
"P13797",0.16104683,0.0844697,-0.02614125,0.09282887,0.03813714,0.01295686,0.591581089490918
"P13798",1.431899,1.367935,1.318911,1.230941,1.267044,1.183263,0.271233787357265
"P13807",0.119772516,0.226370069,0.020914109,-0.005862191,-0.010578695,-0.138858302,0.213506185543681
"P13987",-0.4866485,-0.643645,-0.5724167,-0.5626959,-0.7191039,-0.7366632,0.0248859445777565
"P14136",1.681308,2.215946,1.689134,1.782042,1.817887,1.723159,0.526810608213807
"P14174",0.2163879,0.3139306,0.3394696,0.2835954,0.3512703,0.2815178,0.928614067323773
"P14415",0.1685934,0.1460142,0.2441455,0.1305491,0.3028976,0.3504286,0.0374845943274665
"P14543",0.2580067,0.2806141,0.314178,1.0693901,0.4618871,0.500002,0.801696893676197
"P14550",-0.34035918,-0.35861842,0.05165728,-0.34789222,-0.3198567,-0.30721397,0.55369938550235
"P14618",1.177625,1.239468,1.263014,1.227066,1.367933,1.257758,0.420591941692453
"P14867",-0.4538261,-0.6214075,-0.6265837,-0.7113135,-0.605049,-0.389799,0.373095826823156
"P14923",-0.33785291,-0.04768998,0.24113963,0.10131217,0.22593909,0.27626029,0.202706424261832
"P15104",0.2664595,0.2455858,0.4946068,0.5881575,0.5413533,0.6518819,0.281674409855999
"P15121",-1.2402105,-1.0116156,-0.5447266,-0.5393192,-0.5509787,-0.6767583,0.655552313274251
"P15311",-1.1557994,-0.9114691,-0.8638992,-1.0674532,-1.0354046,-0.9522804,0.577472887121346
"P15531",1.1469816,1.1981599,1.160678,0.9643594,1.0662621,0.9608706,0.370631262370104
"P15924",-0.44817954,-0.34840268,-0.1374547,-0.23940399,-0.3292035,-0.07990294,0.820950724252506
"P16112",1.5528323,1.6328654,0.9415937,1.0180635,1.1809837,0.3615205,0.476451013480934
"P16152",1.614484,1.52865,1.653713,1.529617,1.133379,1.373495,0.201128792836337
"P16401",0.2097578,0.28748878,0.22508349,0.10397758,0.03898622,-0.18022482,0.19314106792617
"P16402",-0.1602674,-0.1253175,-0.222616,-0.2465577,-0.1374717,-0.4304908,0.662189396513799
"P16403",2.069248,2.148586,2.07316,2.012712,1.974528,1.830199,0.195750906473457
"P16615",0.03770636,-0.44140082,-0.31193816,-0.31114292,0.03833876,0.03221866,0.0117773772532313
"P17174",1.753049,1.684208,1.657495,1.493803,1.648784,1.548285,0.875593267111887
"P17252",-0.2622134,-0.2051692,-0.3657935,-0.4710001,-0.2289735,-0.3692938,0.677591508331587
"P17302",-0.07542441,-0.02490972,-0.68826241,0.18608045,0.33948387,0.9116548,0.14894462870832
"P17600",0.9077411,0.7069416,0.8513529,0.9542141,1.205875,1.2062889,0.0358359709363744
"P17612",-1.3533503,-1.2505012,-1.3044434,-1.1463264,-0.9098083,-1.1293678,0.268664657255661
"P17677",0.3812136,0.3343462,0.4699998,0.5086724,0.5506582,0.5524354,0.163981352353468
"P17858",0.17533605,0.19602971,0.24114499,0.10317234,0.2002089,0.07661237,0.63286520985269
"P17987",-0.2539096,-0.1754638,-0.1964708,-0.2940932,-0.4178683,-0.5004562,0.0348890865189724
"P18077",-0.11936583,-0.23560402,-0.20097785,-0.13794646,-0.08351993,-0.20503843,0.577129104143388
"P18085",0.7900027,0.8839495,0.9749894,0.775482,0.4865568,0.5778071,0.0186611355456067
"P18124",0.7617778,0.6673319,0.6200617,0.7508936,0.9005702,0.681543,0.485060295293826
"P18507",-0.2068836,-0.929544,-1.166378,-0.3004647,-0.7101347,-0.7399634,0.802322618338206
"P18583",-1.007063,-1.208444,-1.524001,-1.074299,-1.208315,-1.249408,0.793366819456373
"P18669",0.8265538,0.9015892,0.879459,0.8781963,0.8355241,0.9282069,0.937895513507271
"P19013",-0.33762578,-0.5538852,-0.47739161,0.70307766,0.01742584,-0.16169811,0.936246332881116
"P19086",0.1066075,0.1449457,0.1922755,0.1383218,0.1185638,0.1386589,0.229187714236063
"P19338",0.783153,0.1877953,0.1500923,0.1082169,0.2132958,0.1597206,0.380876172422768
"P19367",0.6418991,0.5387313,0.7412612,0.7407729,0.8392862,0.8878049,0.0945022963957948
"P19404",-0.4918491,-0.5744057,-0.3658587,-0.6278589,-0.6441637,-0.2824741,0.802347580153092
"P20020",0.27655102,0.03869713,0.11932223,0.11028816,0.31204015,0.31593838,0.0122795133386993
"P20073",-0.9749198,-0.834171,-1.1180863,-0.6655008,-0.2274441,-0.5101413,0.0949971508529008
"P20336",0.3942963,0.6145378,0.5293758,0.7653135,0.7092204,0.6836415,0.477437502264667
"P20340",1.121382,1.068927,1.227754,1.173391,1.052302,1.056397,0.159007305041515
"P20618",1.951801,1.85864,1.86995,1.841233,1.849559,1.816304,0.363747171269877
"P20674",-0.9948983,-1.0705195,-0.9850001,-1.0322452,-0.9160818,-1.027087,0.476518677142719
"P20916",0.46814524,0.68399896,0.55322334,0.17750601,-0.08921875,-0.23447704,0.0384430549683383
"P21266",0.4540978,-0.1771139,0.3932201,0.3248928,0.5249968,0.2812841,0.380589036519293
"P21281",-0.05670472,-0.2153849,-0.04105324,0.0518412,0.28068919,0.10431135,0.134353996912085
"P21283",-0.9515845,-0.848335,-0.6967057,-0.7864417,-0.5940101,-0.5243949,0.0308893517634268
"P21291",0.8307819,0.7817163,0.8240864,0.6866955,0.3454525,0.6057537,0.246988633711639
"P21333",1.1280862,0.9318742,0.6040938,1.2068496,1.2443695,1.2925292,0.176980323361702
"P21579",0.5514365,0.4817755,0.5111735,0.5925327,0.841172,0.8235793,0.00831166353731454
"P21695",-0.8766438,-0.4561039,-0.7676945,-0.6989829,-0.9423414,-0.8228894,0.120318009449957
"P21796",0.7732266,0.8132318,0.7634383,0.8824801,0.7935097,0.8738725,0.813105609537691
"P21810",0.01310223,0.89406513,-0.11713527,0.26612013,0.51784835,0.17528298,0.997595519234604
"P21912",-0.7752561,-0.6030858,-0.7598188,-0.6584257,-0.504255,-0.5891775,0.14174083233729
"P21926",1.2212238,1.2971458,1.3024444,1.223771,0.9113891,1.002416,0.0406813284351221
"P21980",0.06274536,0.19300856,0.16889381,0.01560544,0.3577708,0.19546263,0.268436944533487
"P22061",-0.3322618,-0.3789224,-0.4214469,-0.193006,-0.3538898,-0.3601921,0.747337842411299
"P22234",-1.0097637,-0.7910274,-0.8989476,-1.1766183,-0.8177178,-0.863328,0.423149637468094
"P22314",0.4516077,0.3624014,0.4464976,0.5225147,0.2876786,0.4535614,0.536373570732798
"P22392",0.02006407,0.26713411,0.16294588,0.13814716,0.09279676,0.04430206,0.0812246168177829
"P22626",1.4566859,1.2811228,1.1597145,1.0433403,0.9252922,0.94883,0.0783452824453446
"P22694",-0.3302995,-0.3655153,-0.3768312,-0.4860543,-0.3798192,-0.4370075,0.983836830232777
"P22695",-0.05083542,-0.39559538,0.13442424,0.30544438,0.32829282,0.28677005,0.299266444596276
"P23246",-0.06892192,-0.44409294,-1.53693856,-0.55363827,-0.6195734,-0.39312627,0.437900467918001
"P23396",-0.5339896,-0.4689689,-0.3738352,-0.5729433,-0.4659876,-0.4784902,0.996039396417965
"P23471",0.8287623,0.6593951,0.4922952,0.6256112,0.6015525,0.6154419,0.783617134355357
"P23515",-0.1915304,-0.2428362,-0.3380825,-0.3707546,-0.5578847,-0.5361867,0.020626375227134
"P23526",1.693444,1.582393,1.463133,1.193622,1.404597,1.33128,0.739325220402575
"P23528",1.250113,1.295223,1.472968,1.526495,1.044202,1.204166,0.0817082052812035
"P23634",-0.8870211,-0.7499186,-0.7232454,-0.6520196,-0.7015861,-0.7127084,0.970136453967082
"P24043",-0.280980978,0.059018225,-0.353866159,0.473854272,-0.177733734,-0.001067434,0.607147009656959
"P24539",-0.46861465,-0.20773398,-0.39282175,-0.16266866,0.03204432,0.01732898,0.0567160224472594
"P24821",-0.7343162,-0.5079804,-0.9336981,-0.8412256,-0.743006,-0.7676696,0.969296311184665
"P25311",-0.2669226,-0.5709801,-0.3610004,-0.3505744,-0.6150773,-0.273475,0.939378482837641
"P25686",-0.15087229,-0.06386961,0.02637633,-0.05687049,-0.48253274,-0.26324388,0.178584983619907
"P25705",1.050628,1.061435,1.070393,1.019324,1.261611,1.17214,0.13548333701026
"P25786",2.016786,1.891555,1.880236,1.833553,1.863218,1.772864,0.452626720959971
"P25787",1.315749,1.328106,1.369878,1.380795,1.405525,1.343599,0.719790773610856
"P25788",1.846883,1.577427,1.875591,1.608405,1.730883,1.700708,0.791967825618065
"P25789",1.791575,1.652189,1.697283,1.545273,1.661398,1.648898,0.654468563361694
"P26038",0.5478816,0.9486023,0.6350301,0.6280796,0.5166295,0.618879,0.25258412461116
"P26373",0.9470566,0.8570382,0.7943925,0.8752754,0.9942929,0.917175,0.142986649823278
"P26641",-0.4461341,-0.4506643,-0.4185691,-0.3106518,-0.245263,-0.275018,0.0761608883410611
"P27105",1.221658,1.349113,1.111211,1.048211,1.281307,1.089553,0.913168348125697
"P27338",-0.7314606,-0.4865593,-0.5985379,-0.5270036,-0.4551331,0.1871258,0.42643904163012
"P27348",0.30641514,0.2641219,0.34655834,0.27282317,0.06043765,0.05972258,0.0122037304569642
"P27361",-0.17582219,-0.02270282,-0.04282474,-0.05373955,-0.21539848,-0.45367694,0.242844422619074
"P27449",-0.9166176,-0.4409554,-0.4431287,-0.4199254,-0.158216,-0.1933204,0.0200974278287568
"P27635",-0.14961292,-0.34293929,-0.36224754,-0.05017012,-0.01941873,-0.33974979,0.743005747228324
"P27797",0.22579644,0.05508102,0.17615988,0.05140805,0.16243432,0.2086432,0.151070098908629
"P27824",-0.2043574,-0.2744442,-0.3367403,-0.2516419,-0.1329839,-0.2268247,0.211500593043604
"P28062",1.0076074,0.9059122,0.9570616,0.78733,0.802425,0.7278638,0.155334910446362
"P28065",0.3435524,0.3520155,0.236266,0.1915896,0.46806,0.1415295,0.83077254255024
"P28066",1.977259,1.897884,1.946328,1.83204,1.88384,1.789557,0.438318280387122
"P28070",1.534889,1.40837,1.367918,1.168233,1.417746,1.320953,0.582194080617958
"P28072",1.368722,1.291806,1.347484,1.260036,1.311618,1.293325,0.928387186577811
"P28074",1.895876,1.760166,1.832707,1.742752,1.819999,1.75519,0.848490441068278
"P28161",-0.4573095,-0.3857287,-0.4084406,-0.5672173,-0.563317,-0.5623021,0.196378882832517
"P28288",-0.6390038,-0.5358299,-0.7105525,-0.5631771,-0.4252582,-0.4856724,0.101379493602248
"P28331",-0.35903517,-0.291585091,-0.257941746,-0.193936908,0.182200254,-0.008831012,0.152856321856086
"P28482",-0.13455975,0.05305841,0.01455656,0.05710064,0.35308768,0.51266677,0.119729304410316
"P28838",1.734603,1.789552,1.746406,1.540972,1.614925,1.523621,0.263781610036294
"P29218",-0.100577866,0.134900781,0.036956361,-0.007899713,-0.15583405,-0.081630823,0.0572575762426793
"P29401",1.794252,1.915968,1.349955,1.65732,1.586839,1.49487,0.608135319408908
"P29966",0.2189314,0.08653922,-0.062836,0.11407979,-0.26974574,0.04581674,0.491374252247714
"P29972",0.8554329,0.7767195,1.0179973,0.1751689,-0.3152008,0.4244141,0.314420233690461
"P29992",0.000633822,0.029574623,0.11867521,0.0508574,-0.21405759,-0.084042505,0.146203728971552
"P30041",0.4248334,0.5934442,0.3146314,0.4510026,0.3809485,0.3125812,0.322530374252643
"P30044",0.33550798,0.12856821,0.23938105,0.32948586,0.06453046,0.29090375,0.719370118417608
"P30046",-1.0437072,-0.9379452,-0.7164381,-0.513661,-0.5151383,-0.5858091,0.293714150160198
"P30048",0.06809673,-0.07135348,0.07647348,0.08218175,0.30923266,0.11643798,0.266647246393776
"P30049",-0.5653176,-0.5981905,-0.3969773,-0.1903814,-0.2061044,-0.1847627,0.23113046594209
"P30084",0.6345499,0.5621538,0.3039983,0.5109705,0.2512187,0.2584663,0.122208245874111
"P30086",1.353376,1.386238,1.423453,1.295521,1.366853,1.400356,0.741510577550333
"P30101",-1.1670324,-1.3886404,-1.2491579,-1.1094086,-0.9096933,-1.1071767,0.184207037734251
"P30153",0.05864077,-0.02306986,0.09812405,-0.05177229,0.09246004,-0.09371459,0.945023842920776
"P31040",0.12914292,-0.08144846,0.06044332,-0.06796479,-0.06463561,0.12123592,0.6476557769958
"P31146",-0.25174,-0.2532172,-0.9187314,-0.9395103,-0.6582169,-0.3032683,0.494048882543286
"P31150",1.215035,1.187045,1.425915,1.311873,1.086953,1.191458,0.146138202541803
"P31323",-1.0828456,-1.1016362,-1.0813902,-0.5837648,-0.4057911,-0.2296667,0.0551687274026382
"P31930",0.15422315,0.10547503,0.06398444,0.0432633,0.35455007,0.21460991,0.182674354133981
"P31939",-0.513376,-0.9779018,-0.5305697,-0.6049718,-1.1879167,-0.8523431,0.268535658159522
"P31942",-0.3721302,-0.3690374,-0.6903476,-0.4205431,-1.2144425,-0.6911285,0.30384933945465
"P31943",0.005171093,-0.438348005,-0.277673563,-0.177677411,-0.127138116,-0.404593975,0.862033750608962
"P31944",-0.5220222,-0.7066121,-0.6482084,-0.5848649,-0.8707597,-0.49908,0.870874246887182
"P31946",0.7891948,0.7087909,0.8097179,0.7109071,0.7630935,0.8544577,0.362712057053779
"P31947",-0.2348175,-0.2778882,-0.2156002,-0.3902796,-0.3538365,-0.2847802,0.715483430025564
"P32119",0.5339745,0.4492839,0.5518871,0.5746993,0.6415742,0.8676483,0.266755584283499
"P33176",0.1920839,0.5025444,0.3261504,0.3014015,0.3073767,0.1592567,0.260370372551608
"P33947",-0.9633905,-0.9018098,-0.9140722,-1.1519697,-0.9766227,-0.949275,0.778557705484908
"P35030",0.30279252,0.34911328,0.26496379,0.09811171,0.28775968,0.07960165,0.71455714628306
"P35080",-0.111086734,0.004720838,-0.073602546,-0.146118543,-0.117755722,0.018330889,0.813321092356695
"P35222",-0.7548034,-0.8303165,-1.1274651,-0.892109,-0.7769132,-0.8497681,0.270170829105971
"P35232",-0.30864186,-0.29745243,-0.02749404,-0.05689698,0.19958357,0.21399645,0.058747143342566
"P35237",-0.23557631,-0.08316511,-0.53244573,-0.37213873,-0.3328774,-0.17160377,0.65236598401534
"P35241",-0.893933,-0.8290783,-0.1435936,-0.3936592,-1.633769,-0.6972293,0.346307633995494
"P35268",0.3772915,0.3738252,0.283746,0.3705587,0.3594582,0.2528268,0.621109348943657
"P35527",2.044288,2.052507,2.359663,2.214312,2.06493,2.437941,0.861513277222293
"P35555",-0.5964764,-0.7346448,-0.74668,-0.3988463,-0.3508982,-0.7310375,0.740997842659681
"P35579",1.331298,1.710454,1.258014,1.400018,1.595348,1.411752,0.789081169830624
"P35580",0.6539967,0.9765917,0.5029104,0.8070662,1.1285976,0.9257765,0.220549029868525
"P35611",-0.2706192,-0.4211446,-0.5331473,-0.4546818,-0.3905864,-0.3167978,0.120334920622508
"P35625",0.11827518,-0.09109375,-1.09572209,0.15560453,0.54961688,0.52954841,0.147218738872854
"P35749",0.6264675,0.3161177,-0.5844472,0.4491072,0.8796166,0.8141937,0.134959550725962
"P35908",2.392512,2.201053,2.283069,2.298724,2.180984,2.568741,0.661463021935585
"P36542",0.2289779,0.2847339,0.167726,0.2984516,0.4797581,0.316962,0.28197487534646
"P36543",-0.167608935,-0.130323044,-0.000729914,-0.033243102,0.115036315,0.084026634,0.0452012625539401
"P36578",0.8928144,0.7810645,0.6875049,0.8060265,0.9617587,0.7620703,0.478243029690802
"P36871",-0.32216667,0.02248078,-0.0410738,0.01464075,0.04258714,-0.16523621,0.66620551549173
"P36873",-0.9927299,-1.2076485,-1.059421,-1.1510478,-1.2783111,-1.3399333,0.0493450839921248
"P36957",-0.18952623,-0.29135204,-0.18952892,-0.19096996,-0.08329124,-0.10114087,0.0519522146772436
"P36969",-0.7976557,-0.1662164,0.1227474,-0.3526623,-0.5157825,-0.6838435,0.0643695989576647
"P37235",-0.320400389,-0.310815229,-0.198061374,-0.237379617,-0.001859732,-0.200355726,0.359486792285191
"P37837",0.108962534,0.339953319,0.472338315,-0.000108316,0.136944482,0.165669713,0.485817944824265
"P37840",0.3700932,0.6976301,0.110429,1.1706186,2.0110025,1.6645855,0.0466832767726571
"P38159",-0.4679539,-0.9277402,-1.4626233,-1.4296404,-1.3681911,-0.8696908,0.662183780645854
"P38606",0.2679305,0.3520155,0.3417744,0.4053487,0.5348156,0.4870113,0.0328853968504226
"P38646",0.02495745,-0.05808084,0.1818077,0.18517144,0.27899651,0.22838648,0.196086465280099
"P38919",0.961785,0.9485714,0.8376007,0.9110445,1.0494059,0.8444548,0.722933724966663
"P39023",0.4429809,0.3202619,0.234433,0.3878267,0.5264967,0.3230007,0.460796461297871
"P39060",-0.75624818,-0.82083025,-0.96055164,0.01589667,0.02378529,-0.17960814,0.231802391589917
"P40227",-0.17772773,-0.11074424,-0.08246646,-0.20071832,-0.45973243,-0.19949767,0.35659177441747
"P40306",-0.6575022,-0.8002828,-0.7217498,-0.8515819,-0.6838749,-0.9591462,0.863132259850498
"P40429",0.5778782,0.4250078,0.5118647,0.6145053,0.6163925,0.5200954,0.535972655126402
"P40925",1.448103,1.459423,1.47019,1.311458,1.253782,1.363845,0.272746185420361
"P40926",1.588629,1.465269,1.486477,1.51784,1.681831,1.531703,0.355425909141142
"P40939",0.8838031,1.1128933,0.6246133,0.8210498,1.0263683,0.7755963,0.816510001736547
"P41222",1.1686859,1.2631081,0.8273272,0.8839493,0.8344317,0.6227684,0.226561860686932
"P42262",-1.0645926,-0.8910691,-0.8348637,-0.8862597,-0.8824849,-0.9334877,0.355175610351008
"P42658",0.9433592,1.0424776,0.6834922,0.9958922,0.95479,0.9217378,0.810241128838009
"P42677",-0.6715164,-0.6389113,-0.2586028,-0.6273662,-1.0258694,-0.4698245,0.541913285015431
"P42765",0.7739432,0.7858019,-0.2992751,0.6082337,0.5709562,0.6526775,0.539740293491309
"P42766",0.9212488,0.8060018,0.7470423,0.8859676,0.8679229,0.7870033,0.818316904349036
"P43003",0.08716849,-0.01560686,0.02697434,-0.08619865,0.22286674,0.34365009,0.06775137813529
"P43004",0.311969207,0.142728395,0.430797481,0.009686454,0.290346457,0.537555117,0.308661185666912
"P43007",-0.8013642,-1.0295518,-1.0798365,-0.7025206,-0.3065296,-0.4142665,0.0267377351396543
"P43034",0.4318392,0.3655326,0.4748523,0.3725992,0.1991165,0.3322159,0.239434931915264
"P43243",-0.01898479,-0.32607525,-0.78191367,-0.4733887,-0.48483198,-0.54035096,0.924604926495951
"P43304",0.5354743,0.498638,0.4017202,0.4883044,0.4800967,0.4271367,0.834441360065803
"P43487",-0.808397,-0.8194616,-0.7707175,-0.8520058,-0.6819803,-0.8608217,0.717057627419124
"P45381",0.23476706,0.11818838,0.4851021,0.12526002,-0.36535503,0.05219958,0.261733710998651
"P45880",0.6472672,0.6192973,0.533091,0.5309644,0.5944684,0.7075047,0.325382587413336
"P45974",0.039593781,-0.078353544,-0.051160575,0.001923898,0.01332712,-0.135192447,0.847020137819244
"P46459",0.9302587,0.9561787,0.8579653,0.8202658,0.8996597,0.8743797,0.850883912715642
"P46776",1.0575944,0.9910944,0.9364608,1.0035397,0.991439,0.9662494,0.944961230643686
"P46777",-0.24166718,0.01549024,0.57953843,0.48855586,0.75126477,0.64066374,0.189175593130349
"P46778",0.8129381,0.8423114,0.7471762,0.8711384,1.0137386,1.0191381,0.0339707531670241
"P46779",0.3926092,0.202073,0.2783459,0.4302873,0.2560033,0.5413594,0.626690951814368
"P46781",0.8191424,0.8038192,0.7121044,0.8249258,0.9555573,0.836524,0.256504843395374
"P46782",-0.7550545,-0.6334794,-0.8718111,-0.6493867,-0.596798,-0.7162083,0.571554443721872
"P46783",-1.0634577,-1.3387532,-1.0277715,-0.9950165,-1.0222042,-1.1730839,0.874421627289865
"P46821",0.5931591,0.6911667,0.734369,0.6484694,0.6923696,0.6439203,0.556106811687058
"P46940",-0.6698617,-0.5415633,-0.5957272,-0.5904982,-0.256671,-0.5127694,0.372170110964572
"P46976",-0.112603,1.078262,0.740446,1.08254,1.103697,1.088475,0.372926252299965
"P47755",-0.5467765,-0.522902,-0.5577362,-0.5558755,-0.2840423,-0.3988083,0.163132632442639
"P47756",-0.65246051,-0.09375776,-0.39330721,-0.12943475,-0.25768044,0.04397931,0.640432279118675
"P47870",0.3083139,0.2007129,-0.1131612,0.2224276,0.3133798,0.2681775,0.222817245141443
"P47914",0.7402605,0.5168815,0.3965726,0.5242086,0.3834925,0.4344857,0.245521088480566
"P48047",0.4923705,0.2178315,0.3106664,0.3843892,0.5399039,0.4034096,0.183227704454275
"P48426",0.21853845,0.14550324,0.08650367,0.15967647,-0.21960261,-0.10171199,0.0927978216580086
"P48637",1.4646895,1.5071293,1.3951067,1.3895668,0.2619119,1.4099313,0.488243185289703
"P48668",-0.1862227,0.1724968,0.96257,0.8321312,0.6196897,1.1776997,0.569472782368993
"P48735",0.02933885,-0.08220073,0.08890305,0.18588871,0.30605724,0.46901875,0.0766142923719853
"P49189",0.23641435,0.16939362,0.326238654,0.13545165,-0.510527894,-0.006014449,0.302273412443855
"P49207",0.8795442,0.8260157,0.780092,0.9617628,0.9357656,0.9620114,0.22683869769197
"P49327",-0.11956665,-0.06277766,-0.17458341,-0.26935853,-0.32030039,-0.43223921,0.0919379401454299
"P49368",-0.1319848,-0.2492626,-0.081766,-0.279408,-0.2218642,-0.4131522,0.429272654887696
"P49411",-0.26930392,-0.29560244,-0.23347683,0.04641293,0.02831034,-0.06763755,0.318185106947034
"P49418",-0.098941572,-0.007337029,0.226373619,0.141391148,0.130924955,0.445551351,0.466788100870441
"P49419",0.8145036,0.4841562,0.5362036,0.6148814,0.3992983,0.2738601,0.121375020089723
"P49441",-1.188274,-1.37622,-1.156345,-1.148708,-1.284837,-1.443236,0.310856271331553
"P49588",-0.298,1.02e-07,0.0801,-0.686,-0.634,-0.579,0.236998387236248
"P49720",1.562919,1.41289,1.500731,1.469148,1.575118,1.423636,0.701920686616686
"P49721",1.523496,1.466898,1.517667,1.452453,1.505257,1.419002,0.767359388526203
"P49821",-0.8678922,-0.9245324,-0.8485347,-0.4828414,-0.5038784,-0.2102611,0.160190304126944
"P50148",0.6639255,0.6941047,0.8321848,0.6325056,0.3605909,0.4114491,0.0191061249934731
"P50213",-0.29304374,-0.48348002,0.0952123,-0.10250734,0.06899448,0.20308326,0.215107318970754
"P50395",0.6480081,0.5329415,0.6480722,0.6433774,0.3646512,0.3212192,0.00964767368938084
"P50570",0.18621562,0.19088826,0.12978833,-0.18164734,0.10291563,0.07696787,0.742528517050327
"P50897",0.3536962,0.4199854,0.5303145,0.647773,0.6781179,0.4780989,0.742966084781166
"P50914",0.7413978,0.6203968,0.7340068,0.8436143,1.0406077,0.8543406,0.200787616946002
"P50990",-0.0399,-0.0353,0.0825,-0.0268,1.02e-07,-0.103,0.455283617090903
"P50991",-0.27545122,-0.12584359,-0.08089765,-0.01841092,-0.16138587,-0.37596878,0.304831895268596
"P50993",0.436389,0.5270462,0.3788032,0.5245327,0.6248315,0.6720378,0.0577113075236883
"P50995",-0.9083556,-0.7170365,-1.0613122,-1.0303238,-0.6930861,-0.9052211,0.441649998853463
"P51148",0.3091814,0.2150481,0.3451245,0.2672515,0.1693365,0.1039336,0.0718894109954442
"P51149",-0.005525797,-0.452452649,-0.081111756,0.118475677,0.136548445,-0.162151974,0.616588154051082
"P51553",-1.172957,-1.0251896,-0.9311349,-0.7947634,-0.7095703,-0.8849673,0.384632892247689
"P51649",-0.4283399,-0.4227181,-0.463986,-0.4987829,-0.4524725,-0.4005177,0.394213831025264
"P51659",0.6194483,0.3565144,0.6755513,0.3403008,0.6583693,0.6161045,0.238791279874473
"P51665",0.034611495,-0.007281118,-0.213546427,-0.198474594,-0.100580515,-0.203173543,0.894444161516063
"P51674",0.8159532,0.7191301,0.7702052,0.7563692,0.9426401,1.0378779,0.0979052194730386
"P51685",-0.8056893,-0.7961029,-0.6796938,-0.786489,-0.8457635,-0.8668057,0.102729388986006
"P51888",0.3016718,1.0198013,0.297674,0.4795638,0.465025,0.3491563,0.473113733085843
"P51970",-0.5684565,-0.5960525,-0.6185062,-0.6546336,-0.3427888,-0.5599044,0.353891759299136
"P51991",1.0850616,0.7678498,0.6177905,0.6001043,0.5697719,0.6170897,0.334028071719276
"P52272",0.08069723,0.01331852,-0.28302339,0.25356309,-0.1843674,-0.07782782,0.510965556942206
"P52306",-0.42301322,-0.03269377,-0.05720968,-0.09536011,-0.31165672,-0.15872729,0.249931246976697
"P52565",0.5425516,0.5370317,0.6715456,0.5135652,0.469823,0.5497675,0.386756544579177
"P52597",-1.145769,-1.03854,-1.477553,-1.460528,-1.500303,-1.576787,0.273960641859856
"P52758",-0.28562027,-0.20622868,0.13914016,-0.33815196,-0.15021892,0.05340573,0.654364645073433
"P53396",-0.8335142,-1.0402155,-0.6558885,-0.7698296,-0.8500183,-0.7860339,0.976045210925173
"P53420",-1.5845052,-0.8519807,-1.0707617,-0.3487902,-0.698708,-0.8694841,0.915454486580064
"P53816",0.8594014,0.913884,1.0685522,0.9298291,0.35211,0.5637088,0.0835086151621797
"P54577",-1.130609,-1.220381,-1.1804,-1.229596,-1.244085,-1.321983,0.284254353321955
"P54578",-0.9187428,-0.7963092,-0.8047933,-0.9125882,-0.8571017,-0.56788,0.54135691807733
"P54652",1.548495,1.535165,1.728974,1.571222,1.3397,1.390519,0.0400718521688975
"P54920",-0.2933433,-0.1614063,-0.1306428,-0.1653572,-0.245512,-0.1486124,0.522648469195867
"P55072",0.4827838,0.15921921,0.25313414,0.13806828,0.10485953,0.03960376,0.110150206845348
"P55087",0.49558795,0.48750917,0.26432826,0.2881657,0.03949632,0.2118425,0.169887354157872
"P55268",0.8471574,0.861107,0.8463467,1.4142693,1.1063456,1.006884,0.940643749276251
"P55290",-1.0803175,-0.8679306,-0.8998006,-1.0066294,-0.6992192,-0.8853529,0.366060297359872
"P55786",0.6531947,0.6576854,0.7521853,0.5878976,0.6446328,0.709558,0.858650809536127
"P55809",-0.264155863,-0.170428658,-0.302472081,-0.005548367,0.053846757,0.063134192,0.126057496061161
"P56134",-0.25378,-0.1738746,-0.2690574,-0.1934047,0.1516104,-0.1132153,0.320724942497265
"P56199",-0.9604784,-0.5492843,-1.2179449,-0.3068369,-1.1914582,-0.5028307,0.753748671133802
"P56556",-0.7517242,-0.9091883,-0.7249943,-0.5710647,-0.6828508,-0.6062428,0.462100675226202
"P57088",-0.4053066,-0.226263,-0.4805753,-0.3137982,-0.1816826,-0.3316001,0.493775460199545
"P59998",0.1588528,0.2011514,0.3108173,0.4114262,0.2467596,0.2505441,0.432769903924636
"P60033",-0.07117633,-0.08237793,-0.01025691,-0.05618257,-0.04822222,-0.16227363,0.499535316240767
"P60174",1.535193,1.552017,1.599627,1.408625,1.537561,1.494781,0.953758312958543
"P60201",2.730173,2.955215,2.835612,2.917319,2.598986,2.568846,0.00593744989722401
"P60709",2.440833,2.437968,2.507992,2.464576,2.317866,2.347002,0.0118704609146852
"P60842",0.03901447,-0.18613448,0.21271822,-0.07745778,0.04247306,-0.05110076,0.928514614387847
"P60866",-0.4441652,-0.3601696,-0.1642378,-0.1813886,-0.3599177,-0.4512876,0.11558665440913
"P60880",1.076659,0.959551,1.141766,1.15023,1.160336,1.233177,0.217653886567025
"P60900",2.01151,1.908454,1.969296,1.898814,1.926616,1.88648,0.572541568148137
"P60953",-0.5833611,-0.577512,-0.5922392,-0.6207844,-0.6114944,-0.742486,0.430973361940164
"P60981",0.6111557,0.742891,0.8592344,0.7461823,0.693868,0.7064525,0.160260382918307
"P60983",-0.6866607,-0.6205145,-0.5146521,-0.5021411,-0.4405348,-0.4159507,0.0777971313220332
"P61018",-0.9806017,-0.7111494,-0.7955617,-0.8399329,-0.8012874,-0.9655238,0.415870256726624
"P61019",0.038441738,0.000723385,0.244529061,0.068993988,0.177141163,0.076261266,0.819941349782214
"P61026",0.7991366,0.8560947,1.0712114,0.9636023,0.6404599,0.8169337,0.161895906489998
"P61088",-0.5390704,-0.4774687,-0.4950957,-0.5034472,-0.5678867,-0.5959498,0.0477595027749469
"P61106",0.08289821,0.13845933,0.23953191,0.18871088,0.23973058,0.23386175,0.241580401203042
"P61160",-0.7122121,-0.2763792,-0.2631897,-0.2259224,-0.7352547,-0.1045434,0.69351822324052
"P61163",0.18335674,0.17055835,0.43117879,0.29453939,0.04307166,0.06591051,0.080124770200701
"P61204",0.30851118,0.08736427,0.29794248,-0.02084939,0.30219231,0.13244871,0.506431621146621
"P61224",-0.7056819,-0.6777548,-0.8246948,-0.8453277,-0.8033925,-0.81515,0.664072853292587
"P61225",-0.1222283,-0.2395469,-0.2257027,-0.1806368,-0.1435139,-0.2441724,0.745451314902792
"P61247",0.11336257,0.23305959,0.09987367,0.11766147,0.35207505,0.26153398,0.100577308582456
"P61266",1.354194,1.295692,1.298121,1.325552,1.46462,1.326594,0.416331704923821
"P61313",1.240554,1.06988,1.031285,1.14526,1.242128,1.197912,0.0415624231534471
"P61353",1.369751,1.286779,1.144295,1.315633,1.341996,1.313504,0.272692273812083
"P61421",-0.8003543,-0.2940487,-0.5243013,-0.5027813,0.2365266,-0.3607041,0.417056924592141
"P61513",-0.3840639,-0.4451469,-0.8779947,-0.5021411,-0.396111,-0.3170757,0.199223459837047
"P61604",-0.7145356,-0.4418061,-0.2377399,-0.2216962,-0.2140061,-0.2345633,0.395184678734714
"P61626",-0.17961739,-0.26212311,-0.1219502,0.09194002,-0.11504157,-0.40067212,0.456822152441253
"P61764",1.550511,1.419637,1.312619,1.360007,1.515431,1.422561,0.207590952569118
"P61960",-0.7563123,-0.8766781,-0.7719934,-0.9193134,-1.1851017,-1.0064174,0.17854637601562
"P61978",-0.03137885,-0.41760677,-0.54403874,-0.66902778,-0.43813435,-0.33119296,0.176320429797746
"P61981",0.9780615,0.9880723,0.9970537,0.8946694,1.0076235,1.094705,0.229307564587585
"P62140",-0.15321921,-0.0976986,0.04730154,-0.06690665,-0.14038451,-0.16291489,0.118055734009632
"P62241",1.0921574,1.0176071,0.8962378,1.0454724,1.1472959,1.0365918,0.264061819127433
"P62249",0.1819123,0.2504361,0.2136112,0.1111463,-0.2393145,0.1039204,0.361525929065155
"P62258",1.395331,1.377414,1.430416,1.298919,1.328994,1.375216,0.732001964579371
"P62266",0.5011175,0.4157494,0.3605203,0.4992828,0.6131085,0.4300912,0.471654490384179
"P62269",-0.5014464,-0.4861662,-0.4637683,-0.4121217,-0.3308143,-0.4817278,0.639894164872624
"P62277",-0.2192473,-0.12366979,-0.20346562,-0.01984318,0.14251938,0.03045279,0.0929611626058485
"P62280",-0.113529954,-0.010357617,-0.000205676,-0.008223134,-0.175230795,-0.148062507,0.0452579034449034
"P62304",-0.60937658,-0.6468026,-0.50062782,-0.05057881,-0.45756198,-0.69523227,0.471137950615228
"P62316",-0.689422,-0.6936566,-0.6586494,-0.6070346,-0.6315599,-0.932015,0.547259200012351
"P62318",0.05701054,0.17593245,0.3461371,0.32002837,-0.08318646,-0.10008522,0.0176290327158334
"P62424",1.1645837,1.0329086,0.9896376,1.137194,1.2370052,1.0741156,0.407714982725832
"P62491",0.027722653,0.007296436,0.056249186,-0.063900078,-0.021149083,0.034457205,0.889085917516874
"P62701",0.2966733,0.4028239,0.2557471,0.4151633,0.6227558,0.6047146,0.0345020329592494
"P62736",0.9707472,0.543869,0.8435671,1.0179743,0.8685939,0.686397,0.892730079693433
"P62745",-0.1468911,-0.1204656,-0.1081542,-0.3509738,-0.5166343,-0.3094848,0.225305348412073
"P62750",1.157419,1.15738,1.053736,1.18382,1.159568,1.113611,0.921156049756517
"P62753",1.2270642,1.0224198,0.9177256,1.1483249,1.1028163,1.0685976,0.491386450126091
"P62760",0.6913577,0.602829,0.7030652,0.5044031,0.7227254,0.6574087,0.283558134401962
"P62805",1.81097,1.962668,1.827897,1.969648,1.962994,1.647555,0.59717868688451
"P62826",0.5032392,0.7699092,0.7156464,0.6970065,0.8641762,0.6432989,0.852152639605345
"P62834",0.2485217,0.2970812,0.3527038,0.29328,0.1061917,0.1364628,0.00440875420713271
"P62841",-1.4085595,-1.0238458,-0.8827808,-1.3742764,-0.4267682,-1.469868,0.82826633341465
"P62847",0.05346198,-0.23409338,-0.15719755,0.05606064,0.22859981,0.09653255,0.0869483570103915
"P62851",-0.5465221,-0.2043177,-0.490645,-0.2826172,-0.1599515,-0.3996341,0.783712723943881
"P62854",0.3061375,0.3427508,0.3764907,0.3892826,0.5875311,0.4380835,0.297820646196031
"P62861",-0.10248228,-0.10502922,-0.32879276,-0.10765573,-0.02768745,-0.14521441,0.394332964070136
"P62873",1.681559,1.674894,1.703991,1.587337,1.432112,1.550177,0.159036780040261
"P62879",0.7206865,0.771075,0.7677059,0.6261243,0.551189,0.6645734,0.247027857929381
"P62906",0.1831883,0.1550266,-0.1798713,0.2885245,0.3948227,0.2419634,0.246841209013782
"P62910",0.9844649,0.6999402,0.7415326,0.9801324,0.9420204,0.9741,0.223494397018083
"P62913",-0.27887045,-0.08889553,-0.15179224,-0.15279298,-0.50748128,-0.42108682,0.0411011342305633
"P62917",1.1550609,0.9574944,0.9392554,1.0927725,1.0962757,1.0781398,0.198732396087434
"P62937",1.263686,1.217387,1.319606,1.199458,1.170118,1.154511,0.151539711164822
"P62942",-0.93622,-0.5541149,-0.1708533,-0.2801601,-0.2213533,-0.2560276,0.48794044446208
"P62979",2.294234,2.442027,2.485561,2.338529,2.132788,2.203573,0.0210459897416646
"P63000",0.7941877,0.8674072,0.7268397,0.730857,0.7282002,0.6604816,0.25376147442959
"P63010",0.1748211,0.2165756,0.220228,0.2214894,0.3636652,0.3232394,0.101342368731736
"P63027",0.5895387,0.4941971,0.5886269,0.7030623,0.7977648,0.7865655,0.0813692456566189
"P63092",0.4732238,0.4779513,0.5629245,0.4585567,0.3718921,0.3678843,0.0552830696458651
"P63096",0.574363,0.6440304,0.6245023,0.4912375,0.3590111,0.375616,0.0413216639067682
"P63098",-0.6146993,-0.344942,-0.5463686,-0.7367816,-0.5004048,-0.5475783,0.885244384655353
"P63104",1.281995,1.240807,1.298418,1.265154,1.349937,1.369842,0.0189363349238117
"P63151",-0.36909618,-0.56069594,-0.03789897,-0.23786139,-0.39244602,-0.41609615,0.496939814420064
"P63241",-0.3496147,-0.1990547,-0.1372366,-0.2781574,-0.1180446,-0.160307,0.254015888617484
"P63261",-0.7685429,-0.68214,-0.4337871,-0.3016417,-0.148544,-0.2214839,0.113131209221992
"P67775",0.07135793,0.12982039,0.21093828,0.0513255,0.07341309,0.08663179,0.38623328157224
"P67936",-0.4799068,-0.07837549,-0.46499426,-1.02021317,-0.63827741,-0.18509593,0.778388133447522
"P68032",1.743678,1.54861,1.582972,1.788869,1.495417,1.600869,0.389592519112604
"P68363",2.217168,2.340456,2.324873,2.17463,2.248826,2.214167,0.461903069540405
"P68366",0.8754357,0.9993306,1.0461594,0.6110302,0.9384832,0.5907608,0.63582202324203
"P68371",1.860985,1.944832,1.920867,1.824798,1.854654,1.830479,0.27535345478852
"P68402",-0.5539027,-0.5951858,-0.4277609,-0.362916,-0.1944626,-0.4516507,0.462846217725618
"P68871",2.128415,2.025507,2.230656,2.002494,1.911148,1.93473,0.150038251568906
"P69905",1.800232,1.704813,1.882301,1.69379,1.554185,1.566565,0.0805695170537851
"P78324",0.06016008,-0.02441509,0.07387015,-0.00728509,0.24702688,0.094229,0.257628371057813
"P78352",-0.07827973,-0.30621002,-0.67202865,-0.54257492,-0.24301414,-0.22455313,0.124403777736929
"P78357",1.1524805,1.2071129,1.0286145,0.9913899,0.7695582,0.7000628,0.0228464846279503
"P78371",-0.56958729,-0.20477262,-0.01357285,-0.17944125,-0.30633851,-0.21638255,0.184602645351196
"P78417",-0.12020143,0.01190328,0.18121664,-0.05367821,-0.03964325,-0.1501478,0.212042956048216
"P78527",-1.0654784,-0.2282423,-0.4056363,-0.2014688,-1.0285316,-0.9576702,0.00273106331676989
"P78559",0.3235552,0.7023654,0.2022504,0.1518599,0.4340267,0.3501795,0.843692002837035
"P80404",0.03338668,0.12897693,0.21799206,0.52406958,0.3241745,0.35971989,0.709678752596966
"P80723",0.5489488,0.4530129,0.8743937,0.6684434,0.8974446,0.887342,0.202705340226114
"P83731",0.8901968,0.8016256,0.7064793,0.8642711,0.9416068,0.8602414,0.175030232319048
"P84095",1.2974834,1.3113299,1.4561236,1.3238287,0.3769394,1.025675,0.284688493634773
"P84098",0.594856,0.4617707,0.387204,0.5185677,0.5427528,0.4286165,0.707955831710935
"P98160",1.728496,1.869974,1.741363,2.38343,1.954021,1.922693,0.789237094634547
"P99999",0.007457587,-0.079441409,0.268989185,0.186332616,0.142224756,0.093707437,0.951507184067936
"Q00325",0.4021581,0.4025338,0.3824622,0.3768792,0.5693269,0.4978962,0.138763492611962
"Q00577",-0.49865366,-0.57841349,-0.45873754,-0.89665653,0.04197359,-0.34762017,0.177002559080753
"Q00610",1.175615,1.232126,1.228738,1.254728,1.391643,1.281634,0.320270502381447
"Q00839",0.7941103,0.6963967,0.3278504,0.4309193,0.4889357,0.2034678,0.516171857763679
"Q01082",1.097096,1.241858,1.23889,1.20484,1.427846,1.290504,0.300978378596162
"Q01469",0.14062309,0.07553749,-0.29320794,0.22742818,0.12743231,0.06345748,0.614259056075683
"Q01484",0.114985752,0.110200059,-0.003473745,0.038810839,0.42787546,0.414253935,0.00613708785117505
"Q01518",0.02952639,0.09807406,0.12787684,0.08195741,-0.2183527,0.11408338,0.522115819253211
"Q01813",0.3436979,0.4908068,0.2703462,0.1143774,0.4654021,0.3215122,0.493986601625117
"Q01814",-0.1176468,-0.2032629,-0.2635155,-0.6154813,-0.0656406,-0.1941751,0.213727395883762
"Q01995",-0.1955164,-0.5423932,-0.8946049,0.1285265,0.3232415,0.164257,0.144715380494268
"Q02252",-0.5647868,-0.5936732,-1.07542,-0.6217556,-0.4015084,-0.2723343,0.0989768559289203
"Q02413",0.2344724,0.1710777,0.3432194,0.213654,0.2020894,0.4117088,0.653072598165843
"Q02543",0.5161479,0.5279981,0.4986598,0.681229,0.7288467,0.6601765,0.15665505688561
"Q02750",-0.7131649,-0.7312659,-0.7975519,-0.7333272,-0.6305175,-0.7488261,0.462040640907409
"Q02790",-0.4429615,-0.6450128,-0.6144461,-1.209571,-0.7140657,-0.495379,0.400872036241665
"Q02878",1.0593275,0.9975373,0.9044252,0.9730061,1.1231243,0.7160789,0.880526852933862
"Q02880",-0.8459745,-0.8209152,-1.206182,-0.9491001,-0.8277561,-1.0092707,0.647714165475415
"Q02978",0.3676556,0.3374749,0.2869068,0.3353923,0.565045,0.4244561,0.228726621990951
"Q03001",0.39484643,0.17244747,0.23374568,-0.02485672,-0.15060807,-0.09326458,0.0732732638793546
"Q03135",0.9458398,0.8801625,0.893904,0.8267066,0.9895179,0.7523164,0.978653451308441
"Q04609",-1.7482946,-1.0371504,-0.7327277,-1.9758216,-0.5750584,-0.6594016,0.232474958861327
"Q04695",-0.745545701,-1.14308216,-0.000130836,-0.300743182,-0.454393668,1.042822453,0.477490147532876
"Q04760",0.3877713,0.5905135,0.5728889,0.3920228,0.3775662,0.3862051,0.163557181169267
"Q04837",0.6108215,0.4833741,0.4846428,0.4089269,0.5589437,0.3614234,0.992315382724419
"Q04917",0.6296432,0.4919596,0.3228725,0.4368499,0.4335053,0.5509152,0.419382644036237
"Q05193",0.9592531,0.943195,0.894739,0.8032339,0.9685412,0.92443,0.255597078212654
"Q05469",0.2350755,0.2720987,0.341817,0.2363756,-0.4721942,-0.3478937,0.0232110358682828
"Q05639",-0.1294034,-0.4038298,-0.2111829,-0.4047445,-0.2991072,-0.3476823,0.828438320177296
"Q06830",1.207971,1.298512,1.240914,1.129665,1.127057,1.204306,0.429214366725098
"Q07002",0.04295171,0.10117012,-0.04635834,0.0663037,-0.33700959,-0.52370458,0.0774505393521368
"Q07020",1.401681,1.270322,1.161594,1.367114,1.374689,1.304073,0.369547858800966
"Q07021",-0.8223656,-1.1787057,-0.8188467,-1.3398105,-0.3434646,-0.5188105,0.033008259034286
"Q07955",-0.968355,-1.2736679,-0.2602512,-1.3839512,-1.2242146,-0.5586094,0.87928962407104
"Q07960",-0.8641597,-0.949675,-0.7876735,-1.3606183,-0.5108592,-0.4762281,0.0856943659106936
"Q08188",-0.4452157,-1.2368367,-1.0703656,-0.5555136,-0.3943721,-0.1469179,0.0664115144061498
"Q08209",1.581744,1.640795,1.752483,1.545075,1.196738,1.353655,0.0575471619071877
"Q08211",-0.4383116,-0.9222587,-1.1027613,-1.1371303,-0.8753505,-0.7677341,0.0742316374098164
"Q08380",0.8490139,0.7737676,0.8487378,0.6287536,0.4949648,0.3880822,0.0360380972901005
"Q08431",-0.15406539,-1.02627844,-0.57446078,-0.23187727,0.59807448,0.05335637,0.10165083896557
"Q08554",-0.660687883,0.134221886,0.406477483,-0.007387467,-0.053393451,0.224342499,0.658884435322412
"Q08945",-1.434378,-1.528196,-1.325439,-1.526082,-1.543259,-1.180977,0.68599553496981
"Q12765",-0.339674217,0.008493174,0.060142175,0.063610022,-0.014236136,0.054081493,0.60981849112996
"Q12846",-0.9326926,-0.8869523,-0.9445159,-1.0779897,-0.9401957,-1.022783,0.878286342413748
"Q12860",1.518441,1.504528,1.430069,1.356988,1.330356,1.313884,0.121214023451657
"Q12979",-0.7874639,-0.611694,-1.047377,-0.9736579,-0.8281582,-1.0195711,0.797519728652199
"Q13011",0.3849021,0.402425,-1.0670794,-0.1846458,0.2664913,-1.0081829,0.919835771495504
"Q13098",-0.8313475,-0.5304509,-0.6086351,-0.7171683,-0.734358,-0.5990211,0.630565954127947
"Q13129",0.206217185,-0.695494845,-0.008613157,-0.144754811,-1.077062676,-0.068205428,0.66967719588285
"Q13148",-0.23518983,-0.09564947,-1.32761199,-1.01421144,-0.86913349,-1.27019321,0.586084539644499
"Q13162",0.32591158,0.6935484,0.31835836,0.21229779,0.20003032,0.01474122,0.18129245826482
"Q13228",0.13546486,0.08448478,0.14206941,0.07975265,0.08033053,0.12818947,0.950378743031801
"Q13303",-0.1277304,-0.168574,-1.0657609,-0.546073,-0.4764838,-0.4350118,0.649727786859132
"Q13423",-0.687911,-1.0738302,-0.8441177,-1.1320319,-0.770754,-0.7878796,0.112791259555814
"Q13491",-0.5096743,-0.5808151,-0.7179917,-0.5217975,-0.4433849,-0.5815284,0.391726957015116
"Q13509",0.6586725,0.8188581,0.7098667,0.580739,0.6893731,0.6112948,0.553755522017665
"Q13510",0.5071772,0.5844967,0.5014098,0.4395037,0.4281983,0.3941386,0.135941129131953
"Q13554",2.159025,2.030088,1.715448,1.881169,2.056803,1.691935,0.995985643861357
"Q13555",1.643398,1.490896,1.186733,1.430201,1.661158,1.225141,0.795946834706942
"Q13557",1.486492,1.454592,1.093051,1.294225,1.424515,1.116651,0.962036541200721
"Q13561",-1.0238565,-0.9564849,-0.9550616,-0.8321351,-0.4965391,-0.8467765,0.388755751249999
"Q13813",1.156177,1.273858,1.258638,1.237824,1.381439,1.406004,0.00811212584681006
"Q13867",1.1326703,1.0760223,1.0474691,0.8538271,0.9135919,0.8238641,0.233409366584938
"Q13875",1.457555,1.549723,1.66269,1.588797,1.368708,1.325646,0.00783228781568203
"Q13885",1.326177,1.455877,1.388964,1.261183,1.361618,1.289616,0.569410272501275
"Q14103",0.8101008,0.6595156,0.8297697,1.0656118,1.0183238,0.7410533,0.889659790792488
"Q14112",-0.8591394,-0.4485743,-0.3390817,0.1321914,-0.7170887,-0.3767921,0.282299130408467
"Q14141",0.17823207,0.17353032,0.02310796,0.23150485,0.3955191,0.26853863,0.135569813802699
"Q14194",1.573635,1.551914,1.513043,1.622926,1.518087,1.551386,0.500797768550722
"Q14195",1.373809,1.521539,1.242939,1.353503,1.316806,1.180509,0.328226349851383
"Q14203",-0.460033,-0.7863073,-0.5306332,-0.6200736,-0.3395457,-0.3938584,0.0531196667460459
"Q14204",1.72615,1.76307,1.592611,1.658206,1.649313,1.600897,0.469312411460656
"Q14254",1.861483,1.720841,1.678345,1.919244,1.940968,1.775999,0.507224340789835
"Q14344",0.2341916,0.21707617,0.40775929,0.05654357,-0.46113997,-0.08821507,0.171627674351728
"Q14498",-1.034511,-1.44059,-1.363574,-1.38397,-1.185246,-1.439949,0.629925378959469
"Q14677",-0.4226519,-0.7189656,-1.1828294,-0.8309059,-0.9698869,-0.9958509,0.658373888573675
"Q14764",1.960934,1.712093,1.127096,1.941848,1.346799,1.619241,0.718357583937441
"Q14894",-0.1559466,-0.20942257,-0.19234478,-0.2006077,-0.05074269,-0.08150284,0.0513041253663834
"Q14974",-1.922041,-1.294745,-1.549114,-1.708111,-1.640312,-1.628664,0.433117408320984
"Q14982",-0.452345,-0.6247418,-0.4077944,-0.5226738,-0.6478181,-0.6151488,0.208236479750505
"Q14CZ8",-0.46239808,-1.07562593,-0.92178212,-0.47652638,-0.02379915,-0.27416709,0.053900036307098
"Q15019",0.4039036,0.813809,0.5059546,0.4512219,0.3716248,0.2944037,0.140794019766401
"Q15056",-0.7091196,-0.7698506,-0.9151247,-0.9860316,-0.8355788,-0.8720127,0.629665696878236
"Q15111",-0.3798576,-0.2123113,-0.5397725,-0.1493501,-0.85794,-0.6780331,0.0534408871795568
"Q15121",-0.25399605,-0.09885909,-0.065927,-0.19736316,-0.24203822,-0.18547225,0.151306276761681
"Q15126",-0.5675658,-0.3874695,-0.3334027,-0.5480925,-1.0764715,-0.7588335,0.158758687236488
"Q15149",0.1629099,1.2691701,0.3642551,0.4616168,0.6770771,0.5675939,0.817504591837032
"Q15233",-0.3097871,-0.8520211,-1.2635843,-0.7946061,-1.0213774,-0.5400605,0.579244871144969
"Q15257",-0.2383052,-0.3074172,-0.1818995,-0.2677777,-0.6193115,-0.3503507,0.318688653615311
"Q15274",-0.2907328,-0.3373445,-0.181459,-1.1676872,-0.5346505,-0.545084,0.948564537755327
"Q15334",0.544961639,0.621471511,0.730733677,0.481203351,-0.003886226,0.360937357,0.219687418038223
"Q15365",-0.07227475,-0.13185962,-0.27813462,-0.31421305,-0.11525685,-0.34728471,0.946577164668732
"Q15366",0.09117599,-0.10421903,-0.19224285,-0.19443338,0.02842084,0.0145901,0.0204539433196649
"Q15382",-0.9553708,-0.9019633,-0.9899059,-0.895255,-0.7980795,-0.6530709,0.177782107924777
"Q15435",-1.0018641,-0.8735988,-0.7858136,-0.890716,-0.7532371,-0.9855894,0.895796898582769
"Q15517",-0.8368922,-0.7183237,-0.7278033,-0.8037146,-0.8813286,-0.6035682,0.965818321963255
"Q15555",0.09423023,0.16918885,0.09171344,-0.04031372,0.1541929,-0.04447656,0.889166820492911
"Q15631",-0.6180845,-0.6991081,-0.4580658,-0.9150645,-0.9973635,-0.8533929,0.220857207313691
"Q15843",-0.4924723,-0.9274533,-0.5661256,-0.7183811,-0.7988612,-0.7974727,0.620015644126497
"Q16143",-0.1971565,-0.2590343,-0.6713788,-0.2103133,-0.267964,-0.4016704,0.797896233295148
"Q16181",0.866271,0.9785215,0.8244508,0.8491838,0.7712659,0.8015083,0.170189294748897
"Q16352",1.3069302,1.5150661,1.1140038,0.8808735,1.0277352,0.6984338,0.307776095934895
"Q16555",2.893687,3.02181,2.931912,2.857981,2.840707,2.748618,0.12914956901657
"Q16563",-0.7217086,-0.5979,-0.6326416,-0.7131496,-0.8268895,-0.7829073,0.0309895134985182
"Q16623",1.0309863,0.9859196,0.948039,1.0546017,1.0707753,0.9877716,0.586095170845868
"Q16653",1.0032869,1.1397564,0.9488919,0.8828352,0.7133177,0.5885781,0.0427930944541962
"Q16658",1.411813,1.364267,1.680517,1.307509,1.114602,1.324933,0.242072243770188
"Q16666",-0.7384548,-0.9089059,-1.2144989,-1.1064008,-1.1713992,-1.2131608,0.324585472978461
"Q16698",0.6896551,0.6349729,0.6454992,0.5252032,0.5569852,0.4082119,0.322409729120596
"Q16718",-1.0250794,-0.835035,-0.6029757,-0.4523059,-0.6250441,-0.6786986,0.865195911665988
"Q16795",-0.9952317,-1.0066468,-1.8234544,-0.5372333,-0.1095826,-0.435103,0.142000881555283
"Q16799",0.3300986,0.4715636,0.4701899,0.5233972,0.7234693,0.7317428,0.00371576625476255
"Q16853",0.14029196,-0.05379711,-0.73067579,-0.13810606,0.56425214,0.22696544,0.0821975841933758
"Q27J81",-0.8769158,-0.8581512,-0.1828387,-0.241006,-1.1299744,-0.6899241,0.227796457495719
"Q2LD37",-0.9453323,-0.7704605,-1.0048135,-0.7707192,-0.5367293,-0.7822982,0.333774491514802
"Q2M389",-0.580724,-0.561096,-0.6954424,-0.6244866,-0.6515739,-0.5856585,0.879872021312998
"Q2NKX8",0.187750064,0.051726445,0.118176847,0.002673337,-0.117467051,-0.342050562,0.214672682784333
"Q2Y0W8",-0.6527852,-0.800707,-1.1809673,-0.9135326,-1.122581,-0.8451712,0.924801414274663
"Q32P44",-1.0294558,-1.09422,-0.999149,-1.0199131,-0.7991528,-0.8621478,0.0251431903926041
"Q3KQU3",-0.22166119,-0.79534146,-0.96519608,-0.07630244,-0.26361347,-0.1646486,0.279884901440741
"Q4KMP7",-1.0158903,1.32405414,0.03455354,-0.02154048,1.33357795,0.35796072,0.593715577610094
"Q53GQ0",-0.49065486,0.30037895,-0.35730151,0.08312914,0.23503241,0.06213868,0.561784111825538
"Q5BJF6",0.05212553,-0.1149027,0.48872873,-0.12293254,-0.25368502,-0.21686976,0.255469630057761
"Q5D862",-0.06996749,-0.36090523,-0.05931638,-0.12592306,-0.1589638,-0.06468612,0.547012222995113
"Q5HYW3",0.934209,1.2047003,1.0137445,1.035327,0.7587708,-0.4822867,0.367579009245296
"Q5JXC2",-1.003002,-0.767355,-1.101895,-1.094747,-1.325615,-1.611085,0.107542898952142
"Q5SQI0",-0.5694681,-0.4240784,-0.4590604,-0.5146983,-1.2314561,-0.5896981,0.396752074238036
"Q5SSJ5",-0.151372511,-0.007383628,-0.079783742,0.013261037,-0.369386132,-0.198306291,0.17491885105965
"Q5T4T6",1.045077,1.0025126,1.2217571,0.74596,0.7012524,0.6883235,0.164527507846206
"Q5T749",-0.12224962,-0.13997915,-0.38108307,-0.23297483,-0.60711258,-0.05372087,0.823779103894046
"Q5VTE0",1.244366,1.26465,1.299005,1.179605,1.125976,1.105351,0.0561692963194224
"Q5VWN6",-0.31605742,-0.42356781,-0.07589071,-0.25919865,-0.48281948,0.042524,0.922682541741511
"Q66PJ3",-0.0854817,-0.49725295,-0.22478185,-0.08099836,-0.10916789,-0.8780832,0.661524867632959
"Q69YW2",-0.15949018,-0.12583135,-0.04970069,0.23819601,0.08539235,0.18267666,0.427116256906325
"Q6DN90",-0.01553497,-0.67387595,-0.94926559,-0.65768573,-0.23587618,-0.4083657,0.0459814065055303
"Q6IQ22",-0.9453677,-1.2741499,-1.3007273,-1.3146331,-0.9841617,-1.3528456,0.613458049554744
"Q6KB66",-1.2074652,-1.1995078,-1.2766459,-1.003339,-0.8591175,-0.6597771,0.0761469531289228
"Q6NZI2",-0.03790814,-0.02882837,-0.1988293,-0.14689975,0.29817395,-0.15190246,0.537429611648574
"Q6P1Q0",-0.0379,-0.0515,-0.562,1.02e-07,-0.0918,-0.327,0.983214195892144
"Q6PCB0",-0.3128944,-0.4911344,-0.5453826,0.3495392,-0.5728283,-0.8668468,0.234486450864041
"Q6PGP7",-0.7405346,-0.4381721,-0.6853662,-0.4617093,-0.5124173,-0.574263,0.873089323562667
"Q6PIU2",-0.9553563,-1.0091756,-1.2851082,-1.1678581,-0.8818015,-0.9100361,0.0798994856106478
"Q6UWR7",-0.4600793,0.2525415,-0.3203424,-0.7612104,-0.5034772,-0.7902494,0.345617891385678
"Q6ZV73",-0.4209769,-0.59831,-0.4900955,-0.6102503,-0.8032025,-0.8641438,0.0124343657918009
"Q71DI3",0.6512458,0.8089567,0.6809263,0.7104398,0.6065817,0.5929325,0.070514802352954
"Q71U36",0.751885,0.8109013,0.7841383,0.7152844,0.8374149,0.7068474,0.980861084059703
"Q7L099",-0.17209566,0.15495607,-0.13160394,-0.26776336,-0.05333121,-0.07781446,0.910362071801063
"Q7L0J3",-0.07200936,-0.01669103,-0.14833097,0.05601981,0.24816967,0.15995245,0.0481421150118021
"Q7L1I2",-0.36122425,-0.48864322,-0.50133914,-0.15904639,-0.53884531,0.01575987,0.740146743095337
"Q7L266",-0.02486125,-0.37991021,-0.14010638,-0.37279592,-0.04419006,-0.17612732,0.16817808914306
"Q7Z3B1",0.17343408,-0.02984793,0.10452964,0.04906985,0.16225575,0.07693514,0.284778332950561
"Q7Z406",-0.78887855,0.00767471,-0.08628226,-0.23926963,-0.15390195,-0.23750476,0.361948692375919
"Q7Z4S6",0.582815,0.499277,0.1373649,0.4438167,0.5856569,0.5526544,0.202347117582599
"Q7Z6L0",0.18431879,-0.37015333,0.0722262,-0.07201305,0.02704866,-0.10159206,0.598567156126961
"Q7Z794",0.17714966,-0.50659543,0.1313115,0.09448278,0.1530943,-0.15714525,0.746644606093986
"Q86SE8",-0.9358736,-1.0780099,-0.9869669,-0.8077194,-1.035635,-1.0530199,0.388600165850979
"Q86SK9",-0.4425832,-0.3761467,-0.4562438,-0.6558239,-0.383664,-0.6322574,0.94419141426086
"Q86VP6",-0.52896755,-0.27017302,-0.39141466,-0.21218989,-0.09297227,-0.25933157,0.373027471940182
"Q86X76",-0.3465908,-0.1597485,-0.2422874,0.1001885,-0.2580507,-0.5293716,0.219709094876566
"Q86Y46",0.5078758,0.6195615,0.7205501,0.8104698,0.6444367,1.0777993,0.624773660287892
"Q86YZ3",0.2377166,0.3378539,0.8257377,0.2493536,0.1843557,0.5224487,0.6683337534968
"Q8IVP5",-1.0645367,-0.7870755,-0.8491646,-0.8505543,-0.7551973,-0.7801058,0.0884383440396103
"Q8IW45",0.241921956,0.008151586,-0.107040015,-0.109843966,0.031583899,-0.020084732,0.205253909091202
"Q8IXJ6",1.260662,1.3323899,1.302696,1.1931905,0.7766388,0.8925064,0.0236692181373807
"Q8IZP2",-0.13780007,-0.1180058,-0.05741242,-0.12240874,-0.07040473,-0.22860702,0.638843029029005
"Q8N111",-0.752391,-0.7132181,-0.8484094,-0.7127498,-0.5948756,-0.751716,0.463146697638536
"Q8N126",-0.4336021,-0.231041,-0.5619447,-0.4169081,-0.1961023,-0.3745779,0.438585937465877
"Q8N1N4",-0.12743966,-0.96396795,-0.11034292,-0.02484852,-0.09763393,0.15999108,0.321103131959354
"Q8N257",1.496919,1.622697,1.494277,1.544434,1.614754,1.442318,0.822518748635864
"Q8N3J6",-0.129425,-0.9310893,-0.4755987,-0.4305477,-0.0948368,-0.2199805,0.0917225061702197
"Q8N573",-0.6317233,-0.80322,-0.7809921,-1.06664,-0.5079369,-0.6713817,0.101135155088004
"Q8N5J2",-1.1673391,-0.3328647,-0.1944614,-0.5338848,-1.5096837,-0.5658415,0.376829281881226
"Q8N608",-0.668737,-0.4447048,-1.3469427,-0.3985554,-0.583697,-0.7063595,0.810731563827623
"Q8N987",-1.1671621,-1.2385572,-0.9739492,-1.2599393,-1.0453981,-1.1447815,0.594662402963473
"Q8NBH2",0.7203045,0.6152273,0.6908086,0.7914172,0.6636217,0.5084457,0.354245276652808
"Q8NCB2",0.17205343,0.18670579,-0.06924849,0.09465716,0.26204093,0.35864569,0.0749715070636992
"Q8NCW5",-0.4729103,-0.5740963,-0.564716,-0.4833359,-0.2750612,-0.5011636,0.396094959680812
"Q8NDH3",0.3949111,0.41250076,0.28103232,0.15086535,0.20027832,0.08523484,0.24058966811574
"Q8NFW8",-0.7559415,-0.9673545,-1.0823951,-0.830835,-0.737956,-0.6116421,0.0625153096608168
"Q8NFX7",1.0166395,1.1048564,1.2964093,1.1571332,0.4966722,0.8398865,0.175265198979853
"Q8NFZ8",-0.18278521,-0.05970739,-0.49752941,-0.39035568,-0.22405856,-0.31632336,0.769473939296984
"Q8NHM4",1.4717363,1.4136335,1.0456378,0.9749299,1.230218,1.1514889,0.771720199285403
"Q8NHP1",-0.8397247,-0.7737297,-0.7825707,-0.9767808,-0.7949687,-0.9272441,0.870731815407525
"Q8TAG6",-0.02117072,0.07679849,0.15285017,0.09806229,-0.34336056,-0.30042711,0.00125646450024283
"Q8TAM6",-1.25996845,-1.47864415,0.07478427,-0.33635078,-0.6190261,-1.55819414,0.5042285172605
"Q8TB36",0.6648817,0.6770195,0.5306178,0.7515801,0.9388364,0.8408459,0.062212871026044
"Q8TBH0",-0.8327325,-0.7805199,-0.7001567,-0.6893342,-1.1010777,-0.9708048,0.087702278608248
"Q8WUM4",-0.1238268,-0.3917844,-0.2985678,-0.1947121,-0.1808709,-0.2884197,0.501215518286773
"Q8WWI5",0.5420911,0.476057,0.6020881,0.6058032,0.3641415,0.4165276,0.0429659324637576
"Q8WXF7",-0.6287083,-0.5975371,-0.5662289,-0.6796729,-0.5525756,-0.6821218,0.973101840548784
"Q8WZ42",0.54005873,0.76725516,0.77052253,-0.52510561,0.09998336,0.24548739,0.740834358187598
"Q8WZA0",-0.9279338,-0.8190506,-0.6631037,-0.6020196,-0.8609383,-0.3334487,0.775292035301599
"Q92522",0.2812813,0.3720003,0.4051183,0.2915819,0.3249194,0.2010149,0.342986358415769
"Q92561",-0.08742126,-0.23550945,-0.33501771,-0.34665193,-0.39640471,-0.31470729,0.439488444918589
"Q92598",-0.1244144,-0.07755312,-0.13768576,-0.15241886,-0.26220169,-0.20441233,0.0841528542738055
"Q92599",0.6917334,0.9838323,0.6953076,0.589674,0.6476169,0.4960653,0.280085890085907
"Q92736",-0.9221113,-0.965569,-1.0840033,-1.7329516,-0.7362818,-0.995558,0.246046969607102
"Q92743",-0.28661312,0.40024301,-0.68888325,-0.19973603,0.36288162,0.09263086,0.347662500532511
"Q92752",1.413272,1.338527,1.361701,1.163849,1.187834,1.236201,0.352352183794045
"Q92777",0.11963033,0.24321607,0.08961116,0.16830187,0.63466267,0.66809991,0.00416171463539845
"Q92820",-0.455312289,-0.343270415,-0.374863045,-0.292450231,-0.007143617,-0.437802271,0.689030237353846
"Q92823",-0.00618486,-0.38635283,-0.16230393,-0.22355791,0.03919464,0.2583739,0.10224121542322
"Q92841",-0.202882,-0.5391784,-0.7905564,-0.8287812,-0.571859,-0.6981198,0.500460341405832
"Q93050",0.2838779,0.1154014,0.1284407,0.3749241,0.6197274,0.761365,0.0231393560995386
"Q969P0",0.4467278,0.3409993,0.3030499,0.353091,0.4524739,0.440722,0.00991389952176135
"Q969Q0",0.30038734,0.08292052,0.16209684,0.21660764,0.19165971,0.30821062,0.309802692977847
"Q969X1",-0.5615572,-0.785138,-0.5253346,-0.7091282,-1.0456863,-0.7583212,0.323907866222537
"Q96A65",-0.4465379,-0.931958,-1.106581,-0.7554756,-0.8008646,-0.4211015,0.30468600330279
"Q96BM9",-1.367972,-1.306447,-1.405035,-1.186938,-1.267478,-1.557428,0.57560307286363
"Q96CW1",0.337247,0.6067445,0.3903367,0.4991847,0.6541874,0.4706461,0.625957903924428
"Q96DB2",0.3953959,0.5315695,0.5771434,0.3665819,-0.337608,0.1624174,0.242815417132578
"Q96DD7",-0.13573226,-0.65492271,-0.12941905,0.05657076,-0.33511717,-0.27664044,0.795369749914302
"Q96F07",-2.01164204,-0.1550091,-0.29262053,-0.33100824,-0.17889565,-0.03378061,0.226739800752482
"Q96F85",0.05960059,0.01117161,0.01520717,-0.03101691,-0.17969181,-0.0110471,0.462421154123971
"Q96FJ2",0.353127,0.5253549,0.4577237,0.3483257,0.1676399,0.2270647,0.0271763287049617
"Q96FW1",-0.04281497,0.20741992,0.16220628,-0.13273324,0.27663227,0.4292402,0.127883058586514
"Q96FZ7",-0.10492059,-0.03318803,-0.12765894,-0.57953905,-0.06145329,-0.0519493,0.376591508714264
"Q96G97",-0.465321,-0.4033192,-0.375142,-0.5020427,-0.3504397,-0.2479598,0.177917022748214
"Q96GD0",-1.1573419,-0.9879556,-1.0145182,-1.0715148,-1.0049483,-1.0144856,0.608379265326371
"Q96GW7",1.0873063,0.9238576,0.6379026,0.8295363,0.7109221,0.5502238,0.255635360648759
"Q96HU8",-1.17131,-1.374264,-1.232743,-1.292002,-1.022221,-1.370874,0.659387734375036
"Q96JE9",-0.8121936,-0.6321811,-0.6355813,-0.3595538,-0.2262376,-0.1336102,0.043135282619024
"Q96KP4",1.0501631,1.1674537,0.9277136,1.1153046,0.7746615,0.8182506,0.0546308258115134
"Q96N66",-1.238289,-1.202446,-1.119065,-1.03118,-1.08647,-1.06398,0.484597039538361
"Q96NS1",-0.6793869,-0.7058946,-0.4106015,-0.2964007,-0.8881066,-0.7959346,0.0805642792125446
"Q96P63",-0.2903253,-0.6655244,-0.2379178,-0.2664028,-0.2599066,-0.2186116,0.389083146823373
"Q96PV0",-0.4296333,-0.7072254,-0.7680177,-1.0066137,-0.8346278,-0.4441665,0.50356461908019
"Q96PY5",0.17837051,0.24686444,0.30933819,0.01673194,-0.13480349,-0.17139663,0.0557086429331708
"Q96QK1",-0.1681406,-0.6730551,-0.6656511,-0.7482948,-0.4282413,-0.1253518,0.212165292429818
"Q96R05",-0.8111426,-0.6107956,-0.5559833,-0.7346328,-0.6845157,-1.0428346,0.410009383623785
"Q96S86",1.4309473,1.3793689,0.9128498,1.053891,0.9858694,1.0135394,0.490919850277077
"Q96S97",1.0045518,1.0202388,1.0173328,1.0581448,0.4464115,0.7779949,0.237679752380761
"Q99250",-0.1842428,-0.4261758,-0.3978879,-0.5161699,-0.6296451,-0.1778726,0.880577935384596
"Q99426",-0.534924,-0.4943259,-0.4142513,-0.9272038,-0.606286,-0.6714864,0.882546752707319
"Q99436",1.479363,1.320555,1.395408,1.369237,1.389371,1.373235,0.475136925696107
"Q99497",0.3403012,-0.1772379,0.2645165,0.3737468,0.3013287,0.3025736,0.471540914410315
"Q99523",-0.6418449,-0.7688216,-0.5752425,-0.7093661,-1.1217684,-0.8860394,0.17684369464702
"Q99536",0.218159722,0.466491313,0.438394862,0.377723735,0.001711037,0.043464448,0.00129970572493635
"Q99623",-0.5519528,-0.7649538,-0.5431887,-0.5003239,-0.4330744,-0.4531061,0.189196179131395
"Q99719",-0.0806317,0.16833771,0.01224442,-0.84257071,-0.10886466,-0.17075927,0.821417795814891
"Q99747",-0.518087571,0.003231786,-0.329171731,-0.172244248,-0.507607801,-0.187049473,0.447372260886907
"Q99798",0.5925236,0.4223134,0.5862089,0.6371371,0.7803058,0.6884035,0.101342445882384
"Q99832",-0.2854963,-0.2762407,-0.168876,-0.349794,-0.3694782,-0.3362003,0.232168461683306
"Q99878",0.7967974,0.9037447,0.9080805,0.9677921,0.8751006,0.7081939,0.340922363670978
"Q99880",0.7749013,0.8759278,0.7910769,0.8678863,0.8849173,0.7630251,0.793242644208058
"Q99962",-0.30763002,-0.51910057,-0.3671852,-0.26134171,-0.01281643,-0.08930393,0.0329082645220366
"Q99963",-0.9573819,-1.2483046,-1.1839135,-1.0471356,-1.0036846,-1.1438787,0.435104793592261
"Q99996",-0.999292,-0.9976459,-0.9907564,-0.9216603,-0.8533323,-0.8365911,0.0263467989003425
"Q9BPU6",0.5385514,0.6028519,0.4728108,0.267377,0.3116183,0.2842824,0.263734606746728
"Q9BPW8",-1.287975,-1.1178681,-1.0122698,-0.8408712,-0.6601902,-1.0530956,0.61882751680814
"Q9BRF8",-0.5838843,-0.5708436,-0.5165833,-0.9918589,-1.1340774,-1.0256042,0.112321475260497
"Q9BRK0",0.26286766,0.35667561,-0.09464341,0.39268164,0.27696487,0.19950129,0.911718196416568
"Q9BS92",-0.05370564,0.11309818,0.21996885,0.20096679,0.29315821,0.33501247,0.0403899861730358
"Q9BT88",-1.3579561,-1.4203259,-1.3902495,-0.6946298,-0.9995182,-0.6756245,0.33273642063057
"Q9BTE1",-1.298652,-1.250721,-1.216342,-1.214669,-1.271985,-1.364794,0.285142731695789
"Q9BUP0",-0.457839,-1.145522,-1.0737434,-0.7635286,-0.7946402,-0.4895669,0.199508151033822
"Q9BUT1",-0.7404816,-0.8732359,-0.8238107,-0.8957115,-0.7963955,-0.9868223,0.822603899112029
"Q9BV47",0.17838116,0.06605582,0.0986534,0.32025066,-0.24235412,0.0815307,0.347373401344864
"Q9BVA1",-0.1693838,-0.1139368,-0.3223807,-0.646015,-0.2035322,-0.250129,0.478971302104723
"Q9BVC6",-0.5382379,-0.5631688,-0.5731377,-0.4837839,-0.2726383,-0.419368,0.195542915221532
"Q9BW30",-0.4507329,-0.1295815,-0.3978646,-0.3840668,-1.3221341,-0.2415456,0.537012485161645
"Q9BWD1",0.10471936,-0.76943005,-0.55997111,-0.15986241,-0.04490454,-0.29215565,0.228634070002997
"Q9BWM7",-0.6279155,-0.814717,-1.2372411,-0.933536,-0.3199881,-0.3285205,0.0332808430115966
"Q9BWS9",-1.228136,-1.56626,-1.336692,-1.235108,-1.05889,-1.11537,0.0872038018611554
"Q9BXJ0",-0.89499694,-1.05738734,-1.3069954,-0.73161715,-0.88365037,0.04431718,0.396816954827292
"Q9BXW6",-0.4042872,-0.5492145,-0.6899535,-0.726266,-0.8679193,-1.2110322,0.244066571776195
"Q9BY11",0.3152834,0.1711086,0.3211216,0.3192866,0.5263563,0.4645597,0.0318097656942125
"Q9C040",-0.8554234,-0.8332088,-1.0404042,-0.8304969,-1.2012208,-1.0042304,0.237033524443316
"Q9GZM7",1.612686,1.898301,1.670249,2.328469,1.953628,1.899957,0.85966919205102
"Q9GZP4",-0.8174132,-1.0310058,-0.3104066,-0.2845661,-0.7919288,-0.4133401,0.8571843390842
"Q9GZV7",2.665853,2.625201,1.856784,1.796197,2.387119,1.773664,0.97813349237304
"Q9H0E2",-0.4098207,-0.3073614,-0.4161,-0.3557956,-0.2863472,-0.4020647,0.839941082926172
"Q9H0U4",-0.08858129,-0.0762624,-0.06900726,-0.23420792,-0.09411346,-0.16211954,0.981285905214946
"Q9H115",0.5216407,0.3832155,0.4281538,0.3302829,0.6736896,0.6800063,0.0083666099292132
"Q9H1C7",-0.2414152,-0.4597334,0.1207904,-1.0678061,-0.6552559,-0.8151982,0.522047771717029
"Q9H2X9",0.1425641,-0.1754913,-0.713163,-0.3806863,0.2599714,-0.2953616,0.353308269637845
"Q9H3Z4",-0.34676914,-0.59385297,-0.29053434,-0.37191989,-0.02321806,-0.25634978,0.188998125550129
"Q9H4G0",0.4172829,0.3867651,0.1365872,0.3095638,0.4287847,0.2575726,0.612444666962395
"Q9H4G4",0.11060222,-0.22698872,0.14272965,0.05663193,-0.70804195,-0.21418313,0.284700683453873
"Q9H598",-0.25989977,-0.94898194,-0.46523986,-0.3653874,-0.42697836,-0.04197295,0.281680060380178
"Q9H741",0.4888686,0.4454241,0.4658929,0.2473254,0.3428893,0.2113624,0.343922266291342
"Q9H8H3",-0.3591269,-0.3254932,-0.6352178,-0.5001525,-0.1768584,-0.1919548,0.0767024212491028
"Q9H902",-0.8317833,-0.892082,-1.2192907,-0.6357529,-0.9075905,-0.5566742,0.513384450665951
"Q9H936",-0.45770079,-0.33164513,-0.71880826,-0.08633087,-0.25519669,-0.12016777,0.414587912712858
"Q9H9B4",-0.559107,-0.3277481,-0.7479604,-0.6550184,-0.3967379,-0.5021028,0.4330262669652
"Q9H9H5",-1.0019932,-0.4832012,-0.7606641,-0.8421129,-1.4423695,-1.0490583,0.1619019365872
"Q9HB21",-0.8834341,-1.0845395,-1.0061487,-0.9917221,-0.8479894,-0.9962879,0.370451281375098
"Q9HB71",-0.7000928,-0.6202469,-0.8957582,-0.6465637,-0.5272005,-0.630037,0.258820276459855
"Q9HC38",-1.0926008,-0.9076521,-0.9092577,-0.9159697,-0.8493396,-0.9163116,0.554756685027716
"Q9HCC0",1.869514,0.651515,1.510019,1.631602,1.812398,1.696226,0.250969193080113
"Q9HDC9",-0.7466776,-0.6245102,-0.7395888,-0.540554,-0.6591845,-0.5884628,0.880703087292716
"Q9NP55",-0.8554522,-0.6862717,-0.8813545,-0.6722923,-0.6590353,-0.7707076,0.741402240023771
"Q9NP64",-0.7731122,-0.6543945,-1.0399939,-0.9236756,-0.8777176,-1.1707536,0.494078275875856
"Q9NP72",-0.792627,-0.6853116,-0.6237827,-0.7425642,-0.7188962,-0.6516669,0.978830061559809
"Q9NPH2",-0.21988614,-0.28357216,-1.15162598,-0.35957152,-0.08527724,-0.17834375,0.23275898810635
"Q9NQ66",0.50994,0.3151608,0.2353314,0.1831852,0.4885273,0.1137828,0.813832930632935
"Q9NQC3",0.6343264,0.5402922,0.3683587,0.6805994,0.9329575,0.7292926,0.134048552801081
"Q9NQR4",-1.1724313,-0.9794372,-1.1002922,-1.2021579,-1.0281287,-1.1484115,0.952842319160724
"Q9NQW6",-0.159327951,0.143650926,0.004669278,-0.277937089,-0.336144875,-0.86287998,0.241184716644028
"Q9NR46",-0.4981225,-1.0476569,-0.8276105,-0.4545495,-0.3840446,-0.158848,0.09248402100557
"Q9NRV9",0.183198818,-0.293850414,0.226573468,0.192857914,-0.114662526,-0.009150162,0.607323907416068
"Q9NRZ5",-0.653363,-0.4090391,-0.6467134,-1.4186825,-0.5687307,-0.7082944,0.606765107914778
"Q9NRZ7",-0.3800309,-0.327943,-0.2900782,-0.193574,-0.449341,-0.1942449,0.75816701043627
"Q9NS39",-0.4263856,-0.3327464,0.1460559,0.4622583,-0.9656231,-1.0645105,0.036126573007569
"Q9NTJ4",-0.4551749,-0.5847419,-0.5755239,-0.9112165,-0.9034469,-1.0048453,0.128607660732139
"Q9NUM4",0.2004773,0.5357498,0.4795892,0.8656765,0.9022379,0.5922622,0.59804615795532
"Q9NUQ9",-0.08823689,0.17350574,0.09836271,0.01449099,-0.25802218,0.08433934,0.473087129469089
"Q9NVA2",0.9535194,1.1288747,0.9546185,1.1028363,1.1415838,1.0556901,0.634592590229812
"Q9NVJ2",-1.6926627,-1.2864664,-1.2169541,-1.1104458,-0.9053082,-1.1590845,0.384426599683008
"Q9NVQ4",-0.6959276,-0.5092217,-0.7435601,-0.5187188,-0.9552356,-0.9120784,0.0385298268986241
"Q9NY65",-0.451754,-0.5363652,-0.4758784,-0.9196093,-0.3646807,-0.6743517,0.600224415393746
"Q9NYI0",-0.13691894,-0.43877562,-0.51477442,-0.65470356,-0.19810797,0.06875973,0.126514764113418
"Q9NZ45",-0.576465,-0.4236407,-0.5381228,-0.3484101,-0.1832747,-0.4632705,0.562260207276676
"Q9NZD2",-0.109555,-0.1466321,-0.1789949,-0.58558,-0.1535434,-0.2417599,0.537613789428891
"Q9NZJ7",0.1983522,0.3500965,0.2455556,0.4181005,0.6639457,0.4208278,0.314135567952322
"Q9NZN3",-0.4502799,-0.3681317,-0.2532756,-0.3870205,-0.4015481,-0.4414893,0.171432976998548
"Q9NZR1",-0.7119225,-0.7539375,-1.4136738,-0.92587,-0.6898784,-0.7211736,0.240598173260172
"Q9NZT1",-0.27696755,0.04297593,-0.39323783,-0.23947118,-0.47507272,-0.47192096,0.162436809511736
"Q9P035",-0.20959358,-0.13832541,-0.11303985,-0.12877805,-0.29667139,-0.07992978,0.670940032861297
"Q9P0J0",-0.652064,-0.4808104,-0.6393963,-0.3459472,-0.1951646,-0.4030238,0.278954263072905
"Q9P0M6",-0.8902381,-0.9468445,-0.8245842,-0.7182192,-0.6250441,-0.7554508,0.239574742424433
"Q9P2R7",-0.01270709,0.12939886,-0.9671164,0.10639647,0.26975719,0.23952619,0.302075907305157
"Q9P2U7",-0.8762132,-0.8301863,-0.7649154,-0.7611032,-0.725533,-0.6419639,0.196881213609118
"Q9UBB6",0.12865967,-0.1824089,-0.16043273,-0.16237596,-0.02175221,0.09724266,0.174635883652071
"Q9UBQ7",-0.2041775,-0.137482,-0.2550721,-0.1586334,-0.4531864,-0.4000406,0.0124281836064686
"Q9UEY8",-0.1492279,0.06470792,-0.08064987,-0.11181283,-0.13819537,-0.08339943,0.349936997647564
"Q9UF11",1.796836,1.798882,1.833751,1.867435,1.483933,1.510398,0.000780058231779869
"Q9UFN0",0.8952938,0.9798865,0.9317155,0.9508455,0.9890585,0.9256904,0.937334597475241
"Q9UGM3",1.02e-07,-0.0107,-0.231,-0.166,-0.39,-0.45,0.0351759727185661
"Q9UH03",-0.09990038,-0.28508876,-0.40481529,-0.05893197,-0.11485713,0.16608882,0.25085655622136
"Q9UHD8",-0.35494423,-0.31988761,-0.04564101,-0.43831681,-0.05613208,-0.35055084,0.760632625190016
"Q9UHY7",-0.4862302,-0.4880508,-0.202764,-0.1648249,-0.4060915,-0.2770734,0.67260007354377
"Q9UI09",-1.2635322,-0.99966,-1.0129065,-1.2541599,-0.7243642,-1.2023269,0.692924699213525
"Q9UI12",-0.3523707,-0.2022253,-0.296046,-0.254749,-0.1072107,-0.2728467,0.593409627719087
"Q9UI15",-0.16361248,-0.36751832,-0.34088195,-0.23680486,-0.11096126,-0.05017867,0.018681158466175
"Q9UJ70",-1.2292002,-0.747973,-0.408824,-0.8706393,-0.8145509,-0.9501949,0.279177131852899
"Q9UK22",-0.09641844,-0.054046097,0.071290801,0.003455286,0.108574468,0.007597797,0.495718936077689
"Q9UKK3",-1.1340816,-1.0431909,-0.9890219,-0.8301406,-0.9988545,-1.3648069,0.417060370181676
"Q9UKK9",-0.9444908,-0.7782044,-0.8794056,-1.0186504,-0.7647582,-0.9553823,0.8110329314443
"Q9ULA0",1.3902624,1.3022059,0.4140761,1.2318137,0.8120469,0.8404753,0.638357346519353
"Q9ULB1",-1.08321491,-0.53026441,-0.78391989,-0.77079231,-0.09354737,-1.26858441,0.984947974509558
"Q9ULP9",-0.988566,-0.7551299,-1.0442596,-1.1723485,-0.9670786,-0.9417561,0.797604006538112
"Q9ULT8",-0.3402889,-0.4471352,-0.5396105,-0.6584257,-0.6469816,-0.6291318,0.279132873448347
"Q9ULU8",-0.32412637,-0.23843485,-0.47245117,-0.24894123,-0.1583972,0.03282985,0.15711136847182
"Q9UM22",0.3479339,0.2318739,0.2186878,0.5000669,0.6299317,0.3060915,0.516670506945269
"Q9UM54",-0.3291503,-0.4742344,-0.2426662,-0.2747039,-0.8876511,-0.8438444,0.0124896599636497
"Q9UN36",0.247188,0.2453671,0.4415526,-0.1790552,0.2967071,0.2987464,0.555741806744288
"Q9UNF1",-1.192404,-1.312256,-1.53868,-1.207356,-1.040226,-1.189428,0.148962561341247
"Q9UNW9",-0.6883808,-1.1518836,-0.837962,-1.0876307,-1.2159396,-0.8781675,0.924671404286756
"Q9UPW5",-0.7569082,-1.1662483,-1.3666732,-0.9621448,-0.7467851,-1.2718602,0.661162469978544
"Q9UPX0",0.6798006,0.3700506,0.285305,0.441021,0.350464,0.3715539,0.931336522241266
"Q9UQ16",0.01403591,0.08208697,0.01144365,-0.01504715,-0.16624785,-0.05380932,0.200118653242941
"Q9UQM7",3.017905,2.957989,2.651903,2.804899,3.024276,2.644958,0.904355664437896
"Q9Y241",-0.9728789,-0.9169893,-0.7714461,-0.6815658,-0.6704144,-0.7806781,0.517710190148896
"Q9Y277",0.5052252,0.535886,0.4069907,0.4402911,0.5782441,0.506624,0.226676568383096
"Q9Y281",0.324696978,0.246090425,0.567353218,0.475774439,0.005322604,0.292329915,0.251410264381296
"Q9Y285",-1.277828,-1.528165,-1.259605,-1.218583,-1.267041,-1.130497,0.332922369342629
"Q9Y2A7",-1.3962939,-0.1665524,-0.6081037,-0.5464816,-0.1486104,-0.2701556,0.234725849413177
"Q9Y2J2",1.0253892,0.9054112,0.8048501,0.7637155,0.7832044,0.7797412,0.412734623984234
"Q9Y2J8",0.537598,0.6436767,0.6135081,0.5062655,0.1662907,0.1715384,0.00954576558265788
"Q9Y2Q0",-0.5536154,-0.6044842,-0.6768452,-0.5181313,-0.4943735,-0.4626546,0.107253286313845
"Q9Y2Q3",-0.1850288,-0.309636,-0.30869,-0.4171913,-0.3546899,-0.3780568,0.623571405280019
"Q9Y2S2",-0.01096646,-0.04652571,0.41555132,0.19224161,-0.26036462,-0.0151954,0.177228069015765
"Q9Y2T3",1.1324574,1.1154505,0.8828768,0.9051795,0.9677373,0.9282332,0.817329286776144
"Q9Y2X3",0.2103517,-0.28413586,-0.72001881,-0.12360104,-0.05958209,-0.21020672,0.312863828506925
"Q9Y342",-0.21156211,-0.188334373,-0.101393499,-0.145046679,-0.001930816,-0.351352422,0.885907803152381
"Q9Y383",-0.1426227,-0.3667928,-0.5206267,-0.6186876,-0.1985549,-0.5852502,0.671208363774881
"Q9Y3A2",0.06168803,0.14463061,0.1474706,-0.09585226,-0.17491306,-0.04135667,0.198174982508474
"Q9Y3A5",0.7911859,0.8954196,0.8272854,0.8275713,0.38013,0.5448441,0.112933941832747
"Q9Y3B4",-0.995192,-0.9042919,-0.7943137,-0.8717445,-1.2580744,-1.1940805,0.00575426673031156
"Q9Y3D6",-0.22255815,0.01217066,-0.12105955,-0.23112514,-0.43606894,-0.38556006,0.0403807236205867
"Q9Y3U8",0.8850392,0.7761061,0.7584766,0.8547801,0.923317,0.8344368,0.269115402990228
"Q9Y490",-1.3048912,-0.918814,-0.8153529,-0.8385425,-1.1293278,-1.1489225,0.00781711492558547
"Q9Y4F1",-1.212019,-1.273754,-1.438485,-1.28175,-1.177344,-1.133743,0.0681622693341477
"Q9Y4I1",0.9816939,1.0272142,0.6809458,0.8511736,1.0790672,0.8336187,0.574195398919028
"Q9Y5J5",0.68485532,0.6826691,0.58797539,0.87559522,0.09382439,0.60036525,0.366653781915084
"Q9Y5K8",0.9481978,0.9548591,0.7429377,1.1187231,1.1097059,0.9478932,0.554494497780046
"Q9Y617",0.8345347,0.8426275,0.9304112,0.776662,0.8763464,0.758006,0.699682964511534
"Q9Y639",-0.002972238,-0.548700436,-0.330650893,-0.304083381,-0.100786262,0.128563309,0.102971939328167
"Q9Y696",0.51021289,0.34308361,0.78047972,0.56723401,-0.09132914,0.03845058,0.0288442175716818
"Q9Y6C9",-1.0279036,-0.9486317,-1.0185105,-0.9060779,-0.8906301,-0.5613252,0.386495308416338
"Q9Y6K8",-0.4939218,-0.8749364,-0.8689526,-0.4897454,-1.0740028,-0.8369254,0.318209578410482
"Q9Y6M9",-0.502543,-0.6953131,-0.6733005,-0.6485586,-0.5889145,-0.5600868,0.0229982516831057
