proteinId,S1,S2,S3,S4,S5,S6
A0A075B6K5,0,0,0,0,0,0
A0MZ66,8783500,6695600,10388000,8594000,2603300,6040300
A5YM72,10551000,17045000,14337000,11060000,775390,5299200
A6NCE7,5832100,6345400,5347100,4842700,7251000,10019000
A6ZKI3,0,0,0,5663900,287650,185640
A8MU93,3364100,1227000,0,1568200,0,1686500
B7Z368,2411700,0,1566700,684220,397850,669520
O00116,607000,217200,203560,780300,1102900,986600
O00154,22669000,18414000,15078000,22754000,23385000,22264000
O00159,4244700,3071900,824180,1325000,5860800,4298200
O00186,468260,481330,545660,416200,230490,345270
O00217,216170,150980,138880,303700,624600,389800
O00429,433070,339340,353290,453820,821190,910010
O00483,2643500,819410,2507600,4130700,5687900,6406300
O00499,9654400,10309000,8179500,11384000,8299800,6780700
O00533,243780,246650,120220,189160,246320,295960
O00560,1076900,1288900,899890,1288800,1244700,1360500
O00567,2585600,1823700,0,3769600,641890,3071600
O14531,22004000,30646000,34665000,25819000,13861000,29132000
O14594,746320000,672950000,204900000,364600000,318950000,128800000
O14617,9077100,10422000,3608800,8456900,11793000,12644000
O14734,1718000,933440,854690,747030,1804500,1607400
O14745,1837200,1369200,1309900,1212200,0,1393800
O14773,50399000,35169000,39747000,42306000,54391000,39716000
O14818,579090000,420030000,416720000,472340000,496050000,667350000
O14880,3934900,2672200,2206600,4068400,6220000,5561700
O14907,4479400,4879400,6149900,4750500,2341900,4134200
O14966,3077300,2626900,3424800,2775100,1988200,2423200
O14972,649160,869370,492930,1004800,555510,616680
O15066,0,0,0,0,0,0
O15075,1535500,220240,468370,994330,3655300,3488200
O15083,0,497700,0,565240,1317500,997400
O15145,1065500,2145300,1502800,1827600,1780400,1745700
O15230,15335000,20448000,12511000,94807000,41595000,25563000
O15254,28498000,11239000,16401000,17806000,24647000,21436000
O15258,4831400,3593100,3748100,7470600,5551600,8307500
O15394,0,1987500,1603800,2250400,3697400,3088500
O15540,205110,304460,436820,375490,2119800,3378700
O43149,1158700,659890,1124100,1546600,0,3634300
O43175,26016000,23249000,35575000,27861000,11780000,23653000
O43242,15472000,24049000,10742000,24487000,32528000,36354000
O43301,27416000,27311000,23355000,21649000,21847000,23234000
O43390,23398000,6978200,11356000,13142000,13055000,15975000
O43396,0,602840,1679300,655730,3123000,2650600
O43426,6159400,4540900,3323800,4011100,4157300,7949800
O43491,12951000,18363000,6683500,10284000,5503700,7362800
O43615,590830,374220,331100,496190,585260,1516700
O43674,2033500,1302800,952320,929340,1246400,2374900
O43681,541580,579240,451560,516390,751080,703500
O43707,2312800,3521700,1968600,4614900,2322200,4073200
O43759,2804400,2186200,2498300,4288400,5089900,9917500
O43761,3892100,2841300,3157800,4161800,5556300,8128800
O43813,9036100,8949200,11112000,8937500,6657600,7624100
O43865,1848300,1041300,3590800,2119600,3063500,3638300
O60282,1374000,433760,510480,1334000,2361200,1729900
O60493,4107600,2988700,4069700,4112600,3019500,3600300
O60506,1590500,921330,1082500,1401200,1170000,966630
O60641,2343500,3836400,526440,2806800,8252700,1687100
O60664,429730,10577000,1098900,4300100,302560,592150
O60749,2497600,2730700,1065500,3319100,1798300,2070800
O60783,972940,869800,2758800,2723500,810260,1662600
O60784,0,0,0,0,64096,0
O60831,10685000,10353000,8574700,13896000,12816000,17919000
O75061,4989700,2197500,2984700,5546800,2809200,7779800
O75083,26844000,29705000,29459000,29605000,22988000,36719000
O75122,570670,372580,561850,677100,362300,812440
O75131,0,0,0,0,0,0
O75153,1684300,0,0,0,0,0
O75190,1216500,1704000,1684400,2071300,1082300,1154600
O75223,0,0,0,754390,780040,1930300
O75306,567920,0,1736800,1598100,1774700,2238000
O75340,759200,2938000,3639500,2195100,2561200,3819400
O75367,40017000,37942000,27905000,43459000,48151000,52564000
O75390,12358000,6159700,10426000,10865000,24578000,22547000
O75489,6075800,3154200,3652700,4874200,5655000,5693400
O75508,82778000,82521000,84478000,97402000,69177000,58049000
O75689,2479600,2630100,2421200,2195100,640210,2380600
O75746,1905800,2723000,3512100,3091900,8782600,6310400
O75781,2447700,1708000,1615300,1857900,1050800,3305200
O75915,32502000,39523000,29677000,41775000,60518000,60275000
O75947,7065100,5446600,7450500,8833000,13081000,14600000
O75955,552470000,371230000,305540000,606020000,588110000,629030000
O75964,969640,1045800,1154000,2334200,3389400,3740400
O76070,1570000,2740300,120620,1652200,0,0
O94760,6196200,6955700,8088700,7645700,7015100,18203000
O94806,5712400000,4015200000,6723200000,65356000,3948200000,4277400000
O94811,16354000,14087000,16066000,14216000,14221000,18741000
O94819,3482100,2869700,2728200,2934900,3851700,4629400
O94826,265770,257850,226400,260180,564520,1555400
O94832,60538000,73703000,74799000,44618000,21488000,30172000
O94856,21614000,10543000,18307000,14355000,20621000,30213000
O94919,48506000,66042000,42858000,54236000,43867000,45470000
O94925,4439200,1111000,4390200,5436600,5630400,10768000
O94973,25927000,24956000,19362000,20040000,28009000,38357000
O95084,0,0,0,0,1263200,0
O95139,0,119940,0,0,3395900,3550000
O95140,1817900,1721200,282860,1380900,996500,2324000
O95197,16398000,17458000,17924000,20741000,33230000,40298000
O95202,248120,236040,182260,503790,2305800,1275100
O95218,4328600,0,0,667400,0,0
O95299,2596500,1324000,1912700,2631400,3087200,3740300
O95409,0,0,0,0,0,0
O95563,703320,691430,444930,875530,1252200,1300500
O95670,5000600,4910900,5181300,7071900,8489900,6306400
O95716,4162200,4427000,3474500,4649200,6946700,9457100
O95782,94573000,126370000,62946000,97393000,138510000,170910000
O95810,179180,632270,1280900,2662400,2612800,665680
O96000,383000,344740,308390,648470,819910,1805400
P00338,21615000,23439000,21666000,22103000,37220000,45466000
P00352,0,0,153240,168080,0,190300
P00367,17635000,13171000,15477000,21479000,38819000,62821000
P00387,4244700,4159600,2733500,5546300,5279800,5580800
P00390,10505000,9948500,8233600,7529400,7250500,9086300
P00403,7332200,5552400,4843900,7663100,16318000,13218000
P00414,1143900,277600,1796700,235050,2514000,1907200
P00441,34541000,35411000,29154000,23804000,40463000,34713000
P00450,11209000,12446000,7405700,4743200,2551200,3582100
P00488,10012000,2529700,1264800,2997800,2755700,539190
P00492,28253000,24173000,24183000,19629000,23599000,30517000
P00505,305570000,221550000,219030000,191990000,269630000,287480000
P00558,41953000,35696000,34474000,31518000,53398000,57230000
P00568,2251800,3974700,5429400,4137700,3704000,6070200
P00738,13171000,2203600,31197000,3320100,3144800,3700500
P00846,3218700,2519500,2014100,2745500,4188500,4791100
P00915,21875000,9281900,18609000,15821000,9743000,16420000
P00918,28844000,30873000,31460000,31735000,17753000,27166000
P01009,8246700,2243400,7932000,2458700,2307900,5153500
P01011,4908100,6601100,23564000,3124400,3870000,5992500
P01023,7653300,9703500,3699900,4673700,4396300,6499100
P01024,467160,4702700,1009400,645860,4640000,338920
P01040,2700100,887460,2235400,882230,2177500,5930300
P01116,1274500,972440,996950,1046800,669760,1003200
P01591,1400200,795610,1105200,1357300,0,847550
P01834,5989900,3222800,2088800,3296100,3616900,3981100
P01857,174550000,66669000,52203000,63332000,30390000,64291000
P01859,17499000,11015000,4395000,8693500,6409500,9968500
P01860,8172700,6106500,3400800,7426900,3246800,6899900
P01871,0,0,0,0,1042200,985120
P01876,61992000,35481000,27790000,51442000,12161000,57032000
P02042,5867700,3497100,5146100,3971100,2431500,2829400
P02452,1876300,5953800,34332000,112910000,15578000,24000000
P02462,45204000,18510000,64074000,693930000,216300000,271740000
P02511,444620000,489810000,655360000,691470000,217860000,418880000
P02533,62134000,63155000,96792000,115050000,85486000,250210000
P02538,487390,3894200,5521800,5581800,3026400,8490300
P02545,2372600,4681600,2992700,4188700,6829000,6150100
P02647,8745600,5009500,3975700,7151700,3993000,6278100
P02649,35451000,636760000,48987000,61462000,69192000,81186000
P02671,200060000,49594000,190570000,137720000,69330000,284700000
P02675,239210000,62887000,225310000,125280000,45832000,273610000
P02679,203630000,64680000,189050000,159870000,72772000,294170000
P02686,1526900000,3461400000,2129700000,2278500000,974320000,1164600000
P02689,62532000,77755000,80682000,54576000,16910000,53700000
P02741,4241000,2784900,2914700,1028100,1227700,2067100
P02743,4422900,20153000,1421600,1952500,12471000,2577600
P02746,14665000,5125000,5673000,5207400,4426600,5095000
P02747,19960000,21040000,19771000,13925000,6464000,15916000
P02751,77233000,26397000,20791000,120380000,70688000,91592000
P02763,5287700,1938700,8387400,529300,488430,879250
P02768,179280000,173910000,141720000,124370000,100690000,174560000
P02787,8917000,7620400,2533800,4710000,4164700,4965100
P02788,0,3004700,4872300,18465000,503310,0
P02792,9447300000,5677300000,8366000000,5857800000,8731500000,8551000000
P02794,38235000000,21665000000,27740000000,27784000000,23395000000,23310000000
P02810,5576300,0,15428000,30773000,199930,687800
P02814,0,0,252280,561440,0,0
P04003,4866600,7992300,3545600,2916400,745560,946570
P04004,795840,1633400,151780,1159900,4097900,1322900
P04040,174280000,114960000,115500000,87323000,64228000,92883000
P04075,102070000,98420000,97011000,107810000,137870000,188340000
P04080,1589100,1139500,2911900,4631200,3775800,1916100
P04083,857920,722150,0,5173200,2055800,1402100
P04156,83175000,40287000,73129000,67514000,22726000,58372000
P04179,57135000,51312000,45206000,45393000,67279000,65451000
P04216,68043000,45019000,69870000,61298000,59069000,79003000
P04264,2677400000,2100100000,3759200000,3722800000,2989700000,7610700000
P04271,0,0,0,0,991130,0
P04350,95232000,103610000,105930000,84938000,67830000,96263000
P04406,2365200000,2328300000,900300000,1582400000,1329800000,1152000000
P04792,5014700,4669800,4150300,7678600,10397000,12118000
P04899,39995000,27375000,41434000,36786000,20658000,43849000
P05023,40722000,49845000,37816000,38290000,60029000,49319000
P05026,77035000,77338000,71483000,73116000,97187000,74366000
P05067,0,96006000,4871100,8522400,212210000,2202500
P05089,152600,487010,905530,766460,1190700,1874900
P05090,9199000,13920000,13003000,11546000,8229900,8847900
P05091,7760500,4939800,3968800,5162900,10083000,12009000
P05109,1530200,1509400,11411000,21351000,6218300,6058800
P05129,3923200,2484700,1251500,2329900,1929900,2720800
P05141,5360000,6130600,4451700,6880400,11031000,9789000
P05164,194300,418400,786110,9761100,1168900,428570
P05230,0,0,0,0,0,0
P05413,0,0,0,0,0,3006400
P05771,808640,838300,425140,282660,1055100,1801300
P05937,362820,0,450910,498770,657340,1904300
P06239,1201500,1487400,1389500,1110800,1136600,1358400
P06310,5105500,2559000,0,3060100,0,2151700
P06396,82536000,68903000,86804000,66312000,38820000,67430000
P06576,69689000,59304000,61203000,70251000,140130000,164340000
P06702,0,2000600,3615700,23302000,421190,5984600
P06727,34646000,32739000,39224000,31145000,10865000,19298000
P06733,335260000,312360000,353680000,226630000,339360000,416700000
P06744,70666000,143910000,84652000,152020000,131580000,108550000
P06748,10532000,4548100,6416800,7531200,5255600,8783200
P06753,6020900,13606000,7098200,7265100,8943200,13844000
P07099,42043000,41448000,32619000,46556000,49777000,52007000
P07195,179550000,139190000,201690000,126860000,179230000,250470000
P07196,212190000,620410000,222540000,173470000,175220000,125500000
P07197,461060000,840730000,309750000,278120000,209090000,167010000
P07203,1456400,3939400,0,470940,3623700,4350200
P07237,767230,477040,808690,894840,749440,1477200
P07305,136880000,103400000,98822000,123900000,118750000,122430000
P07339,29640000,30196000,27352000,56940000,71555000,55177000
P07355,5936000,5760800,3854600,6499600,10139000,8665200
P07437,25268000,18509000,20492000,19920000,22840000,26517000
P07602,230940000,119550000,163380000,188070000,154160000,188490000
P07737,9070000,6858600,10764000,9478600,5301100,9751500
P07900,49731000,46614000,58149000,37341000,59984000,71676000
P07910,26432000,12548000,6213100,9246900,11433000,15104000
P07954,0,400070,0,452380,1505000,4073100
P08123,2668400,2091800,13504000,43999000,8593200,7850800
P08133,21176000,24788000,20135000,20190000,81287000,64294000
P08195,939080,1616700,804640,1487900,1958500,2826600
P08237,2810200,2036400,1751000,2094200,3674200,2828200
P08238,140800000,128370000,106530000,89973000,89930000,140990000
P08246,0,0,1982400,7508100,330760,0
P08247,9625900,13548000,14246000,18888000,30298000,42135000
P08311,295660,399460,2944900,7795500,720300,336770
P08559,7292800,4917800,2999000,7204600,8029800,7779900
P08572,30187000,9759700,77756000,738990000,214630000,280040000
P08574,2879000,1807300,0,2039600,3924000,4154100
P08621,0,8625700,254990,0,83993000,183750
P08670,10046000,11735000,17644000,23249000,31653000,20215000
P08758,26968000,22742000,24937000,23351000,28361000,35552000
P08779,1814500,9488100,28921000,25289000,8899800,72020000
P09104,764110000,579050000,521600000,471060000,643180000,635630000
P09211,20452000,11854000,16879000,20788000,18303000,29150000
P09382,6974700,8671200,11923000,11325000,14099000,18742000
P09417,127560000,58104000,120390000,116630000,62156000,106640000
P09455,10658000,2054600,4644200,6735200,1091200,6383700
P09471,157880000,154980000,172470000,159770000,177660000,270540000
P09497,0,0,796700,510040,741980,1258000
P09543,2211900000,2407700000,2597400000,2158100000,1252100000,1747400000
P09622,42811000,35610000,31088000,32755000,40953000,50283000
P09651,25465000,13240000,8953100,11294000,11402000,10298000
P09669,2860100,2294400,2467800,2738400,5203300,11940000
P09874,1650500,519700,316450,407070,424820,446080
P09936,69380000,45792000,55617000,59357000,92935000,104370000
P09972,105270000,91697000,108370000,100130000,150900000,211880000
P0C0L4,4090400,61261000,5270800,2132200,16441000,0
P0C0L5,0,0,0,0,1409100,0
P0DMV9,18699000,17460000,19011000,17884000,12620000,18788000
P0DOX2,4203500,4019800,2225000,3236600,412350,3209500
P0DOX7,95107000,42524000,25066000,44616000,19033000,43165000
P0DOY3,25480000,11305000,9404500,15972000,4818600,15549000
P0DP25,42057000,35221000,51343000,44431000,39501000,54064000
P0DPI2,1787700,1267600,0,0,3400800,2736500
P0DUB6,2292000,77922,11630000,40532000,0,0
P10155,2359800,1406500,897620,2026700,3727300,2309100
P10253,720090,671240,875400,0,0,919150
P10301,648870,0,0,882480,4071200,3185700
P10412,0,0,7579100,4296100,7592300,0
P10515,142410000,72611000,66358000,83901000,95250000,79368000
P10599,8244100,0,4628600,5177600,7265000,6402100
P10606,4035000,0,3740500,3696600,4372100,4924300
P10636,6698300,438420000,7119400,7390000,12740000,19482000
P10644,621870,1290800,1274200,1445500,592480,1312800
P10768,1904400,1481200,1042900,2538200,900440,3116200
P10809,8698500,6918100,13548000,16298000,21315000,30815000
P10909,10491000,58476000,4927300,13979000,39660000,35023000
P10915,647550000,521390000,148870000,319190000,306080000,85733000
P11021,9459400,6659600,4210300,3352100,8788500,11365000
P11047,37433000,34343000,35565000,128840000,52343000,57722000
P11137,17429000,34393000,9736900,15683000,15181000,37426000
P11142,59409000,58132000,54971000,53289000,59037000,101250000
P11166,2330300,2762400,1753400,2856800,3554700,4563900
P11169,0,0,0,0,925330,1069900
P11177,5186200,2511500,2638400,7199100,5176200,10245000
P11216,13207000,8542200,12716000,11881000,16354000,20155000
P11217,1897400,1972900,0,0,0,1400200
P11233,10538000,6402000,5940200,7501500,4109800,7410500
P11310,14920000,4104500,2721100,4639100,5152800,1800300
P11387,2342200,300680,0,0,1767200,1184100
P11413,816440,1250100,2067500,2027000,1216100,1142800
P11766,2087700,2541700,2081700,1967300,1137600,3243900
P12036,34654000,124970000,58228000,28053000,29475000,10337000
P12109,2445400,7653900,1078600,3489400,2583900,2427200
P12110,0,2172000,382770,1226800,849900,876780
P12111,1147000,1914800,468390,1235400,637460,1343800
P12235,17918000,18356000,13929000,18547000,29160000,23589000
P12236,105450000,126490000,76879000,141610000,190910000,194540000
P12268,1074600,2183300,0,2302800,3055500,1592100
P12273,1710600,1104800,441440,1374200,341980,519230
P12277,209820000,172990000,197830000,184490000,211570000,254680000
P12532,1509000000,840270000,1114800000,983230000,1181800000,2056500000
P12814,11190000,7843700,10582000,11642000,18615000,25599000
P12955,9833200,9293100,7681100,5189000,6761800,11203000
P12956,4033800,2605700,397860,0,2631300,3319600
P13073,4366500,3775900,4332400,4491100,5221800,8004000
P13489,13801000,7544100,12158000,7101200,3840900,9282500
P13591,44540000,67105000,39554000,57792000,67511000,101120000
P13611,10014000000,15922000000,2865200000,2104700000,2448000000,996230000
P13637,154220000,155610000,137760000,149070000,194520000,209030000
P13647,133120000,96124000,126560000,138830000,88923000,321140000
P13693,613690,722320,796220,612310,897320,1094800
P13716,22910000,22480000,10630000,12323000,16435000,20538000
P13797,7838700,5757200,4372900,6945300,6029600,8015400
P13798,146250000,110580000,96788000,95456000,102140000,118640000
P13807,0,7982000,0,5533500,5389800,5650800
P13987,1764200,1076700,0,1535200,0,1426600
P14136,259720000,779270000,227010000,339550000,363110000,411270000
P14174,8904000,9765000,10148000,10776000,12400000,14876000
P14415,7976100,6633700,8148100,7575500,11093000,17434000
P14543,9799500,9043900,9573900,65804000,15997000,24602000
P14550,2470800,2075500,5230800,2517500,2644200,3834900
P14618,81437000,82264000,85099000,94608000,128850000,140840000
P14625,0,444330,0,0,1890900,1079700
P14866,4428600,527980,0,0,0,0
P14867,1902700,0,1097300,1090300,1371200,3170800
P14923,2485100,4246700,8091900,7082300,9291600,14697000
P14927,0,0,0,1757600,0,2038200
P15104,9992100,8343100,14505000,21728000,19209000,34902000
P15121,311140,461440,1324900,1620100,1553000,1637600
P15311,377900,581120,635340,480170,509020,868320
P15531,75889000,74800000,67234000,51668000,64330000,71095000
P15924,1927600,2124900,3384200,3231900,2587900,6472400
P16083,0,0,0,390650,0,959440
P16112,193210000,203520000,40598000,58469000,83779000,17885000
P16152,222680000,160100000,209230000,189880000,75081000,183850000
P16401,8769100,9188200,7798200,7125900,6041400,5137400
P16402,3740500,3551600,2781600,3179100,4024200,2887200
P16403,634520000,667310000,549630000,577530000,520810000,526220000
P16615,5900700,1715300,2264500,2739800,6032400,8378900
P17174,306370000,229060000,211060000,174850000,246000000,274950000
P17252,2957900,2955100,2000400,1896100,3259700,3324100
P17302,4547500,4475400,952020,8608800,12068000,63478000
P17600,43746000,24137000,32981000,50475000,88721000,125100000
P17612,239770,266200,230370,400420,679730,577540
P17677,13014000,10235000,13706000,18094000,19625000,27759000
P17858,8100900,7443400,8092000,7112700,8757100,9280700
P17987,3015000,3164300,2954200,2849500,2110000,2457600
P18077,4109900,2755100,2923700,4082400,4556500,4852100
P18085,33358000,36282000,43843000,33446000,16932000,29429000
P18124,31259000,22033000,19363000,31605000,43926000,37369000
P18507,3359800,557430,316600,2808000,1076500,1415800
P18583,532260,0,138930,472660,341830,0
P18669,36287000,37786000,35186000,42370000,37816000,65944000
P19013,2486400,1323900,1547100,28310000,5748800,5361300
P19086,6915200,6617400,7230800,7712300,7256300,10706000
P19338,32836000,7303600,6561500,7195800,9025000,11238000
P19367,23719000,16386000,25596000,30877000,38145000,60086000
P19404,1743200,1262800,2000100,1321300,1253100,4059700
P20020,10227000,5181300,6112700,7230200,11329000,16103000
P20073,573150,694330,353840,1211600,3271200,2403400
P20336,13412000,19511000,15714000,32672000,28273000,37550000
P20340,71545000,55548000,78463000,83609000,62295000,88586000
P20618,484170000,342280000,344240000,389130000,390580000,509650000
P20674,547380,402910,480730,0,0,730920
P20916,15898000,22895000,16601000,8440500,4497100,4534100
P21266,15392000,3152300,11485000,11851000,18499000,14868000
P21281,4747800,2886400,4225300,6319800,10540000,9891900
P21283,604790,672050,933690,917100,1406500,2325800
P21291,36642000,28672000,30974000,27262000,12235000,31385000
P21333,72658000,40515000,18664000,90305000,96944000,152580000
P21579,19259000,14372000,15069000,21948000,38311000,51826000
P21695,718700,1658200,792890,1121700,630670,1169700
P21741,0,4591500,0,0,2514900,0
P21796,32094000,30830000,26937000,42790000,34329000,58189000
P21810,5575700,37137000,3546300,10351000,18197000,11648000
P21912,907690,1182100,807400,1231500,1729400,2003500
P21926,90037000,93948000,93187000,93893000,45034000,78232000
P21980,6250900,7391800,6851800,5813900,12587000,12202000
P22061,2517300,1980700,1759800,3596300,2444900,3394500
P22234,528960,766850,586080,373440,840290,1065700
P22314,15304000,10918000,12984000,18680000,10711000,22107000
P22392,5665800,8767500,6758600,7709200,6838300,8615300
P22626,154840000,90545000,67085000,61973000,46499000,69151000
P22694,2528700,2042800,1950200,1831500,2303200,2844200
P22695,4812400,1906100,6329000,11332000,11761000,15057000
P23246,4616100,1704700,134850,0,1326100,3146600
P23284,0,0,0,0,0,0
P23396,1582000,1609800,1963700,1499400,1888700,2585100
P23471,36472000,21634000,14428000,23685000,22065000,32093000
P23515,3480700,2709600,2132200,2388400,1528500,2263500
P23526,267080000,181190000,134910000,87596000,140200000,166820000
P23528,96230000,93533000,138000000,188520000,61144000,124490000
P23634,701730,0,878340,1249800,1097900,1507500
P23763,0,0,967510,854830,0,1134600
P24043,2832800,5429500,2056100,16700000,3667900,7760700
P24539,1839000,2937700,1879700,3856500,5945600,8096500
P24821,997420,1471500,541010,808410,0,0
P25311,2926000,1272800,2022600,2502000,1339900,4144700
P25686,3822300,4091400,4935000,4920300,1818100,4243500
P25705,60789000,54598000,54614000,58639000,100870000,115640000
P25786,562320000,369230000,352490000,382310000,403060000,461140000
P25787,111930000,100890000,108840000,134790000,140500000,171620000
P25788,380260000,179130000,348740000,227650000,297190000,390550000
P25789,334790000,212780000,231310000,196850000,253250000,346630000
P26038,19102000,42106000,20042000,23820000,18146000,32348000
P26373,47891000,34102000,28927000,42086000,54506000,64290000
P26641,1936700,1679100,1771500,2742900,3139700,4130000
P27105,90127000,105890000,59996000,62672000,105550000,95614000
P27338,1004000,1545900,1170500,1666700,1936500,11970000
P27348,10955000,8706900,10315000,10512000,6347300,8926700
P27361,3608900,4498200,4208100,4955900,3363200,2737100
P27449,655500,0,1674100,0,3836500,4984800
P27635,3833400,2151800,2016800,4996800,5281200,3558100
P27797,9099000,5380500,6967400,6313500,8027600,12578000
P27824,3379400,2519400,2138800,3142100,4066000,4614700
P28062,55056000,38164000,42070000,34371000,35041000,41575000
P28065,11933000,10660000,8001600,8718700,16226000,10777000
P28066,513400000,374650000,410430000,380980000,422660000,479210000
P28070,185390000,121370000,108350000,82622000,144510000,162900000
P28072,126450000,92800000,103370000,102070000,113180000,152860000
P28074,425670000,272840000,315950000,310180000,364880000,442750000
P28161,1887500,1949900,1813300,1519300,1509500,2131400
P28288,1242200,1380100,904390,1533500,2074400,2542700
P28331,2366800,2421900,2564300,3588600,8401400,7623200
P28482,3968600,5355500,4802500,6396800,12452000,25330000
P28838,293630000,291940000,259010000,194910000,227550000,259770000
P29033,0,0,0,0,0,0
P29218,4291600,6466100,5056700,5507600,3857600,6446700
P29401,336860000,390580000,103960000,254790000,213300000,243130000
P29966,8956300,5784700,4018600,7293600,2967600,8645400
P29972,38782000,28344000,48407000,8395200,2672700,20672000
P29992,5417900,5073600,6103600,6305500,3373600,6411000
P30041,14389000,18586000,9583900,15844000,13277000,15979000
P30044,11714000,6372500,8059200,11977000,6407400,15201000
P30046,489190,546750,0,1718700,1686600,2019100
P30048,6328400,4021500,5538400,6777100,11256000,10172000
P30049,1471900,1195500,1861800,3618100,0,5084000
P30084,23321000,17294000,9352100,18190000,9848500,14107000
P30086,122060000,115340000,123130000,110760000,128530000,195580000
P30101,368250,193660,261650,435950,679910,607820
P30153,6192100,4494400,5821500,4978400,6833000,6269800
P30519,907310,0,0,0,620460,0
P31040,7283500,3929100,5337700,4796200,4759000,10285000
P31146,3030100,2645600,559980,644680,1213200,3869900
P31150,88763000,72910000,123830000,115010000,67469000,120900000
P31153,0,0,0,0,1614500,0
P31323,447030,375050,385040,1462500,2169500,4584600
P31431,0,0,0,0,1007300,444290
P31930,7716500,6042500,5381400,6196200,12494000,12752000
P31939,1658900,498690,1368800,1392800,358270,1093000
P31942,2296500,2026300,947460,2129700,337040,1584300
P31943,5474800,1727400,2450400,3725500,4121100,3064600
P31944,1626200,931380,1044000,1458800,743680,2465400
P31946,33296000,24240000,29966000,28825000,32007000,55645000
P31947,3150500,2499500,2826900,2283400,2445200,4038200
P32119,18500000,13336000,16550000,21065000,24195000,57361000
P33176,8419400,15076000,9841500,11227000,11208000,11226000
P33947,588570,594190,566020,395250,582800,874350
P34932,0,0,1217000,0,664750,0
P35030,10864000,10589000,8548200,7030300,10713000,9344800
P35052,0,0,0,0,8209700,0
P35080,4189000,4791400,3920200,4006300,4211100,8115200
P35222,951460,700520,346280,719030,923070,1099500
P35232,2658000,2389400,4359300,4920000,8744500,12734000
P35237,3145000,3913600,1362900,2380800,2566100,5240400
P35241,690650,702520,3336700,2265700,128290,1562200
P35268,12897000,11209000,8926000,13165000,12636000,13925000
P35527,599080000,534870000,1063100000,918700000,641330000,2132600000
P35555,0,873160,832200,2238800,2461800,1445200
P35579,116010000,243330000,84125000,140890000,217520000,200780000
P35580,24389000,44909000,14785000,35969000,74259000,65576000
P35611,2901200,1797200,1360700,1968700,2246800,3751200
P35612,0,0,0,569800,534100,801070
P35625,7103500,3842800,372540,8025400,19578000,26334000
P35749,22891000,9814300,1209100,15775000,41857000,50718000
P35908,1335700000,753000000,891210000,1115800000,837790000,2882100000
P36542,9165900,9130100,6833400,11151000,16669000,16141000
P36543,3677800,3510900,4636400,5195400,7197600,9440500
P36578,42268000,28629000,22616000,35883000,50572000,44982000
P36871,2576500,4991400,4225100,5801000,6091700,5317800
P36873,550120,293810,405020,396090,290940,355620
P36957,3496800,2423200,3001800,3613200,4558900,6163500
P36969,862060,3232400,6161100,2490000,1684100,1611100
P37235,2587000,2317000,2943400,3247000,5499100,4904700
P37837,6952800,10368000,13780000,5607300,7570000,11393000
P37840,12685000,23625000,5988800,83077000,566440000,359380000
P38159,1841800,559750,160030,208520,236540,1050200
P38606,10026000,10660000,10202000,14263000,18922000,23877000
P38646,5730000,4146300,7058600,8590800,10499000,13163000
P38919,49543000,42103000,31953000,45699000,61881000,54378000
P39023,15003000,9908400,7967900,13699000,18563000,16367000
P39060,948300,715990,508570,5817800,5833600,5144700
P40227,3593100,3672800,3841000,3533000,1916100,4914400
P40306,1190400,750680,881370,789360,1143600,854700
P40429,20468000,12611000,15093000,23087000,22832000,25767000
P40925,151810000,136510000,137120000,114900000,99068000,179810000
P40926,209810000,138360000,142360000,184800000,265450000,264650000
P40939,41400000,61466000,19567000,37146000,58684000,46405000
P41218,624140,0,0,0,0,0
P41222,79778000,86866000,31206000,42935000,37721000,32639000
P41732,0,0,0,0,924960,605110
P42262,466220,0,0,728780,723870,906720
P42658,47485000,52266000,22408000,55559000,49767000,64969000
P42677,1152600,1088500,2560400,1322800,520320,2637200
P42765,32147000,28943000,2331500,22756000,20564000,34966000
P42766,45128000,30321000,25939000,43135000,40745000,47640000
P43003,6612500,4572300,4941800,4599000,9226100,17164000
P43004,11096000,6583700,12523000,5735200,10777000,26824000
P43007,854730,442770,386420,1112600,2726600,2997100
P43034,14623000,10997000,13860000,13227000,8735100,16718000
P43243,5178600,2237000,767350,1885700,1808500,2241900
P43304,18564000,14941000,11712000,17265000,16682000,20802000
P43487,841000,718250,787390,788590,1148600,0
P45381,9288900,6222000,14191000,7483800,2381200,8773400
P45880,24014000,19726000,15849000,19047000,21708000,39671000
P45974,5926400,3957200,4128100,5633600,5694800,5698700
P46459,46074000,42847000,33487000,37079000,43834000,58257000
P46776,61772000,46434000,40121000,56546000,54149000,71981000
P46777,3101200,4911700,17638000,17275000,31147000,34012000
P46778,35167000,32965000,25947000,41687000,57002000,81303000
P46779,13360000,7547700,8815700,15106000,9957600,27060000
P46781,35673000,30169000,23934000,37479000,49855000,53394000
P46782,950910,1102200,623870,1257400,1397500,1495400
P46783,467440,217240,435640,567330,524730,522230
P46821,21201000,23276000,25193000,24965000,27197000,34268000
P46940,1157000,1362000,1178100,1440000,3058300,2388900
P46976,4174400,56755000,25548000,67827000,70121000,95377000
P47755,1536100,1421800,1285800,1559500,2871500,3105700
P47756,1204300,3819300,1877600,4163200,3051200,8608900
P47870,11003000,7524100,3578900,9360300,11364000,14426000
P47914,29748000,15582000,11574000,18753000,13355000,21157000
P48047,16810000,7826600,9496800,13591000,19145000,19696000
P48426,8948200,6625900,5667800,8101000,3330800,6155400
P48506,0,315700,598250,436680,0,0
P48637,157720000,152360000,115350000,137540000,10094000,199940000
P48668,3523500,7050800,42607000,38106000,23006000,117130000
P48735,5788100,3922300,5699200,8605000,11174000,22908000
P49189,9324200,7000600,9843500,7661500,1704600,7672800
P49207,40996000,31751000,27990000,51360000,47634000,71282000
P49327,4108000,4101700,3106900,3016500,2641500,2875600
P49368,3992200,2669800,3847200,2947500,3313500,3004800
P49411,2910000,2399600,2712900,6241300,5894700,6657800
P49418,4307800,4660200,7821400,7767000,7465800,21703000
P49419,35294000,14451000,15963000,23107000,13850000,14616000
P49441,350670,199280,324000,398230,286600,280320
P49588,2721000,4739600,5584800,1157000,1281400,2049000
P49720,197750000,122640000,147110000,165200000,207620000,206350000
P49721,180590000,138880000,152960000,158970000,176770000,204160000
P49821,733330,563900,658220,1845100,1730900,4794100
P50148,24953000,23434000,31557000,24064000,12669000,20064000
P50213,2755200,1556900,5782600,4429500,6473600,12418000
P50395,24055000,16169000,20653000,24674000,12788000,16300000
P50570,8306400,7355800,6261800,3691600,6999500,9288300
P50897,12215000,12466000,15748000,24925000,26319000,23392000
P50914,29826000,19776000,25172000,39127000,60640000,55630000
P50990,4935000,4369700,5615600,5273000,5522700,6134900
P50991,2869100,3547300,3854900,5375900,3808600,3273400
P50993,14777000,15951000,11110000,18767000,23280000,36560000
P50995,668090,909290,403260,523030,1119600,967700
P51148,11025000,7776600,10281000,10378000,8156200,9883300
P51149,5341600,1672200,3853000,7367800,7563100,5355700
P51553,363260,447240,0,0,1077900,1013900
P51570,0,473770,0,892630,0,0
P51636,0,0,0,2886200,4237400,3764600
P51649,2017700,1790700,1595600,1778600,1948400,3093500
P51659,22524000,10771000,22002000,12279000,25149000,32142000
P51665,5858800,4660800,2840300,3551300,0,0
P51674,35412000,24824000,27360000,32006000,48394000,84888000
P51685,846260,757940,970990,917000,787740,1057200
P51888,10836000,49607000,9216900,16921000,16113000,17383000
P51970,1461300,1201400,1117900,1242300,2508200,2143200
P51991,65805000,27771000,19262000,22334000,20508000,32215000
P52272,6514700,4887200,2420400,10056000,3612300,6503400
P52306,2042600,4395900,4071000,4503000,2694600,5398100
P52565,18869000,16322000,21800000,18299000,16292000,27589000
P52597,386730,433700,154620,194200,174480,206080
P52758,2802700,2947900,6398100,2574600,3907800,8797800
P53396,793740,432030,1025700,952860,780060,1273300
P53420,140780,0,394580,2512300,1105200,1050700
P53597,0,1451300,0,863640,0,0
P53816,39138000,38871000,54383000,47719000,12424000,28489000
P54577,400470,285320,306540,330550,314800,370630
P54578,652300,757580,727970,685910,767440,2104200
P54652,191290000,162520000,248820000,208970000,120740000,191200000
P54727,0,0,0,0,0,932640
P54920,2753300,3268400,3437700,3832700,3137900,5525300
P55072,16443000,6838500,8318500,7707800,7030900,8522600
P55087,16935000,14563000,8535700,10890000,6048500,12671000
P55209,0,688550,587050,920370,0,0
P55268,38050000,34423000,32603000,145590000,70550000,79041000
P55290,449640,642400,584930,552360,1103900,1013000
P55769,0,0,0,0,0,0
P55786,24344000,21549000,26248000,21715000,24366000,39859000
P55809,2944700,3201200,2314400,5537500,6251700,8997100
P56134,3015900,3175900,2499500,3593000,7830000,5994500
P56199,592530,1338000,281150,2767100,355360,2444200
P56385,0,0,0,0,1732800,2774100
P56556,958230,584180,874810,1505900,1146300,1926300
P57088,2127600,2815000,1535800,2723100,3634700,3625500
P59666,0,0,4977900,78962000,0,952490
P59998,7799200,7531700,9500100,14464000,9747900,13852000
P60033,4592200,3920700,4535800,4928100,4942300,5354200
P60174,185520000,168950000,184730000,143710000,190420000,243080000
P60201,2906500000,4275200000,3180700000,4636400000,2193500000,2882800000
P60660,0,0,2401500,0,0,3763000
P60709,1492900000,1299300000,1495900000,1634700000,1148200000,1729700000
P60842,5918500,3087500,7579300,4692500,6090100,6916200
P60866,1945500,2068100,3181800,3693800,2411200,2752200
P60880,64544000,43181000,64369000,79267000,79889000,133090000
P60891,0,145390,0,856350,550700,0
P60900,555530000,383880000,432720000,444300000,466410000,599030000
P60953,1412000,1253800,1187600,1343000,1351000,1407600
P60981,22098000,26220000,33585000,31264000,27291000,39575000
P60983,1113100,1135600,1419900,1764900,2002700,2985500
P61018,565700,921700,743610,810820,872690,842240
P61019,5910700,4747500,8155300,6574400,8304100,9273200
P61020,0,0,288450,0,0,476180
P61026,34067000,34028000,54717000,51578000,24133000,51039000
P61088,1563600,1578600,1485300,1759600,1493700,1972500
P61106,6547800,6519300,8062000,8661100,9591400,13330000
P61160,1049500,2508200,2533500,3333800,1016000,6115400
P61163,8251900,7019400,12534000,11051000,6098500,9054800
P61204,11008000,5795700,9222600,5345800,11075000,10554000
P61224,1065400,995370,0,800810,868470,0
P61225,4082900,2730200,2761900,3700200,3968600,4434000
P61247,7023600,8105900,5845000,7354000,12423000,14207000
P61266,122290000,93634000,92264000,118690000,160980000,165030000
P61313,94135000,55670000,49911000,78365000,96445000,122710000
P61353,126750000,91732000,64745000,116010000,121380000,160130000
P61421,856720,2408200,1388700,1762300,9520900,3390500
P61513,0,0,615050,1764900,2218400,3748800
P61604,1043900,1713700,2686400,3366400,3374000,4533200
P61626,3577500,2591900,3507200,6931100,4237500,3092400
P61764,192180000,124560000,95396000,128490000,180960000,205840000
P61960,948160,629590,785080,675370,360600,766550
P61978,5032900,1811900,1327000,1201800,2013800,3628900
P61981,51435000,46112000,46128000,44008000,56205000,96755000
P62140,3801700,3784800,5178600,4807900,3997300,5346300
P62241,66889000,49357000,36572000,62278000,77526000,84637000
P62244,0,0,1126900,0,0,1148700
P62249,8224500,8436800,7594900,7244500,3183000,9883000
P62258,134440000,113020000,125120000,111630000,117800000,184580000
P62266,17152000,12345000,10652000,17707000,22660000,20944000
P62269,1705100,1547300,1596400,2171400,0,2565900
P62277,3265500,3565100,2907000,5358200,7667800,8344900
P62280,4165500,4627900,4642000,5503500,3689100,5532300
P62304,1329900,1068900,1466500,4992100,1925700,1569400
P62316,0,0,1019200,1386200,1290000,909800
P62318,6168900,7106800,10305000,11719000,4560000,6178500
P62424,79028000,51127000,45347000,76923000,95314000,92275000
P62491,5766600,4819900,5286400,4841300,5260200,8422200
P62701,10712000,11983000,8368700,14589000,23169000,31310000
P62736,50576000,16581000,0,58457000,40808000,37789000
P62745,3857500,3591500,3620400,2499700,1680800,3814900
P62750,77735000,68096000,52559000,85641000,79748000,101060000
P62753,91256000,49907000,38427000,78920000,69979000,91110000
P62760,26580000,18992000,23441000,17917000,29166000,35349000
P62805,350080000,434920000,312470000,523010000,507160000,345560000
P62820,0,0,230890,0,765970,1129300
P62826,17236000,27903000,24130000,27917000,40395000,34219000
P62834,9587800,9393400,10462000,11019000,7052500,10652000
P62841,211140,0,0,236880,2067200,263640
P62847,6118700,2764700,3233800,6381500,9348700,9716300
P62851,1537000,2960900,1500600,2925800,3821200,3099800
P62854,10948000,10435000,11051000,13745000,21364000,21333000
P62861,0,0,2178300,4377300,5181600,5568700
P62873,259870000,224200000,234910000,216870000,149370000,276150000
P62879,28437000,27978000,27203000,23713000,19649000,35937000
P62906,8248700,6772800,3069300,10899000,13708000,13581000
P62910,52199000,23751000,25612000,53579000,48325000,73294000
P62913,2846600,3862300,3274300,3945200,1716600,2950400
P62917,77314000,42977000,40380000,69444000,68933000,93134000
P62937,99285000,78186000,96943000,88781000,81709000,111040000
P62942,626570,1323200,3133700,2942400,3317400,4314600
P62979,1065200000,1311500000,1420600000,1222900000,749790000,1243200000
P62995,560850,0,440230,0,689520,0
P63000,33681000,34926000,24760000,30180000,29536000,35600000
P63010,8091300,7804000,7711500,9340100,12759000,16376000
P63027,21025000,14789000,18011000,28309000,34667000,47592000
P63092,16085000,14246000,16976000,16122000,13003000,18149000
P63096,20303000,20882000,19562000,17382000,12623000,18475000
P63098,1313700,2141900,1319900,1028200,1744800,2204900
P63104,103560000,82518000,92327000,103280000,123620000,182310000
P63151,2312600,1303300,4256100,3243400,2237200,2984500
P63241,2418700,2997000,3385900,2956000,4208300,5378500
P63261,921830,985370,1710500,2800400,3922900,4671800
P67775,6376100,6390900,7548300,6312300,6539800,9497300
P67936,1791800,3957000,1591900,535350,1270200,5080100
P68032,299830000,167630000,177780000,344930000,172810000,310340000
P68363,892000000,1038000000,981260000,838480000,979440000,1273900000
P68366,40610000,47323000,51650000,22903000,47933000,30320000
P68371,392810000,417420000,387060000,374680000,395190000,526560000
P68402,1511100,1203800,1734400,2431900,3529300,2749900
P68871,727130000,502630000,789890000,564100000,450090000,669420000
P69905,341530000,240190000,354170000,277110000,197850000,286770000
P78324,6213800,4480500,5505300,5515400,9753900,9664900
P78352,4517700,2341700,988280,1608000,3156000,4638900
P78357,76856000,76358000,49605000,54986000,32487000,38997000
P78371,1457500,2957800,4501300,3710400,2727800,4727000
P78417,4102000,4871300,7049000,4956600,5040900,5505800
P78527,465270,2802200,0,3526900,517140,857610
P78559,11396000,23884000,7398800,7956500,15003000,17424000
P80404,5842300,6378500,7671900,18747000,11650000,17811000
P80723,19149000,13451000,34778000,26140000,43611000,60022000
P83731,42014000,30017000,23626000,41033000,48279000,56391000
P84095,107320000,97067000,132750000,118220000,13155000,82536000
P84098,21284000,13725000,11327000,18511000,19271000,20873000
P98160,289530000,351330000,256020000,1356100000,496790000,651120000
P99999,5503700,3947300,8627800,8613800,7662600,9653300
Q00325,13657000,11975000,11204000,13358000,20487000,24483000
Q00577,1716100,1251200,1615000,711540,6083100,3494200
Q00604,0,19628000,0,1367600,2448200,0
Q00610,81061000,80885000,78641000,100830000,136080000,148800000
Q00839,33675000,23558000,9880100,15128000,17025000,12429000
Q01082,67654000,82718000,80501000,89888000,147910000,151870000
Q01469,7478600,5640000,2364300,9468700,7406000,9003800
Q01484,7049900,6108600,4607200,6133000,14792000,20194000
Q01518,5790600,5940400,6234300,6773600,3340400,10117000
Q01813,11937000,14674000,8654800,7298600,16127000,16311000
Q01814,4126200,2968100,2531600,1359500,4748000,4975000
Q01955,0,0,19932000,0,0,0
Q01995,3448900,1359400,591970,7540300,11625000,11356000
Q02252,1473700,1208000,390370,1340000,2191000,4155600
Q02413,9282600,7027800,10236000,9173100,8795100,20076000
Q02543,17756000,15986000,14641000,26921000,29580000,35575000
Q02750,1047200,879980,740210,0,1293100,1387200
Q02790,1950900,0,1128400,346150,1066800,2486500
Q02878,62019000,47128000,37268000,52707000,73329000,40462000
Q02880,771290,715850,288870,630600,821090,761530
Q02978,12614000,10309000,8991200,12141000,20286000,20674000
Q03001,13429000,7050000,7955300,5296700,3904300,6276300
Q03135,47757000,35967000,36376000,37633000,53910000,43983000
Q04609,96512,435090,859370,59173,0,0
Q04695,971960,340910,4642800,2806200,1939800,85860000
Q04760,13212000,18461000,17370000,13832000,13174000,18931000
Q04837,22081000,14425000,14176000,14381000,20003000,17881000
Q04917,23059000,14713000,9767500,15336000,14985000,27662000
Q05193,49255000,41585000,36446000,35653000,51368000,65373000
Q05469,9295500,8868300,10203000,9665800,1861900,3492000
Q05639,4016000,1870300,2855800,2208600,2773600,3493700
Q06830,87331000,94244000,80877000,75601000,73996000,124530000
Q07002,5972400,5982900,4174000,6533800,2541800,2329500
Q07020,136420000,88321000,67376000,130610000,130870000,156690000
Q07021,814380,314060,704790,256450,2504300,2355900
Q07890,0,0,0,0,0,0
Q07955,581880,252370,2550700,231660,329540,2149600
Q07960,739660,532180,757240,244450,1703300,2598600
Q08188,1940800,274710,394940,1560800,2227300,5546900
Q08209,206510000,207270000,262660000,196760000,86874000,175640000
Q08211,1971900,566860,366550,408990,735860,1328100
Q08380,38213000,28152000,32783000,23857000,17263000,19013000
Q08431,3794300,446120,0,3288400,21889000,8796800
Q08554,1181700,6456000,11841000,5514100,4883800,13041000
Q08945,198950,140420,0,166980,158040,0
Q12765,2474700,4833200,5334000,6493400,5344600,8811500
Q12792,593640,259630,0,0,0,0
Q12846,631680,614870,527700,468660,0,738200
Q12860,178500000,151450000,125020000,127600000,118170000,160270000
Q12979,882530,1158900,416410,595930,820330,743680
Q13011,13125000,11972000,397940,3666200,10201000,763440
Q13098,797710,1397300,1143600,1075700,1018100,1958600
Q13129,8697900,955530,4553000,4018900,462460,6649100
Q13148,3147800,3802700,218400,542800,746470,417580
Q13162,11458000,23404000,9666500,9144500,8753500,8048400
Q13228,7390300,5757400,6441400,6739300,6644800,10451000
Q13232,596490,490100,0,534250,0,0
Q13303,4031500,3214900,399150,1595100,1843600,2857300
Q13423,1109900,399850,0,413820,0,1267900
Q13427,213360,0,0,0,1602600,0
Q13449,0,0,0,0,238660,0
Q13491,1673100,1244300,889030,1686800,1989600,2039100
Q13509,24653000,31232000,23811000,21360000,27010000,31788000
Q13510,17393000,18207000,14734000,15430000,14803000,19280000
Q13523,2134700,0,0,480720,107810,0
Q13554,780230000,507960000,241190000,426610000,629440000,382740000
Q13555,238010000,146770000,71391000,151030000,253110000,130650000
Q13557,165840000,135000000,57539000,110430000,146780000,101770000
Q13561,512070,523900,515040,825510,1760400,1107100
Q13813,77513000,89043000,84246000,96981000,132920000,198140000
Q13867,73429000,56463000,51806000,40058000,45263000,51860000
Q13875,155150000,168060000,213600000,217600000,129080000,164670000
Q13885,114650000,135400000,113730000,102340000,126990000,151560000
Q14103,34938000,21640000,31382000,65234000,57607000,42857000
Q14112,748260,1687200,2127300,7604200,1059400,3267200
Q14141,8155100,7067600,4898000,9558000,13730000,14438000
Q14194,202690000,168910000,151340000,235390000,182070000,276920000
Q14195,127940000,157500000,81255000,126580000,114540000,117890000
Q14203,1875700,775230,1368600,1345200,2527000,3141300
Q14204,287970000,274670000,181770000,255310000,246300000,310360000
Q14254,393260000,249220000,221440000,465700000,482080000,464480000
Q14344,9276600,7813000,11876000,6388600,1909900,6349700
Q14498,499660,171820,201040,231650,360480,282450
Q14677,2044300,905260,304830,827850,591910,785430
Q14764,494460000,244250000,62231000,490580000,122730000,323750000
Q14894,3777900,2926300,2982400,3533900,4913700,6448600
Q14956,0,0,0,0,330930,0
Q14974,64631,0,131120,109770,126370,182860
Q14982,1909200,1124600,1816000,1683400,1242600,1887200
Q14CZ8,0,398200,556060,0,5228200,4138100
Q15019,13712000,30871000,14889000,15852000,12995000,15324000
Q15056,1057000,805170,564650,579190,0,1044600
Q15111,2256000,2906900,1340100,3976600,765960,1632800
Q15121,3014400,3774700,3990100,3560400,3163100,5075700
Q15126,1464300,1942100,2155300,1587700,463090,1355600
Q15149,7872400,88087000,10744000,16236000,26256000,28745000
Q15233,2651000,666370,253100,900020,525730,2243400
Q15257,3125300,2335200,3055000,3027500,1326900,3472300
Q15274,2769900,2179700,3058100,381200,1612500,2217600
Q15287,0,0,0,0,3651000,0
Q15334,18974000,19825000,24983000,16985000,5473500,17861000
Q15365,4580600,3498500,2447800,2720500,4235400,3496900
Q15366,6673800,3728400,2983100,3584500,5896200,8045600
Q15382,599540,593980,475330,713840,879160,1729400
Q15435,538670,634070,760490,721340,974790,804210
Q15517,787590,0,869170,881340,725800,1938200
Q15555,6720900,6997300,5736200,5111500,7876700,7022500
Q15631,1303500,0,1617500,682010,555620,0
Q15700,548660,0,0,0,0,671050
Q15746,0,293440,0,0,639400,2010300
Q15843,1740700,560120,1261200,1072700,0,1240200
Q16143,3435900,2610400,989760,3455800,2979800,3085300
Q16181,39762000,45109000,31000000,39632000,32615000,49258000
Q16186,0,0,0,0,0,465940
Q16352,109680000,155170000,60383000,42632000,58869000,38851000
Q16555,4235300000,4983700000,3970300000,4044300000,3827000000,4361000000
Q16563,1026800,1196300,1082100,1085700,822730,1282500
Q16620,0,0,178340,0,0,454020
Q16623,58101000,45884000,41205000,63601000,65002000,75638000
Q16629,0,0,1619700,0,768670,0
Q16653,54511000,65388000,41286000,42825000,28541000,30168000
Q16658,139640000,109650000,222550000,113860000,71904000,164400000
Q16666,987960,584560,283390,438980,372160,476190
Q16698,26476000,20451000,20531000,18796000,19913000,19915000
Q16718,510630,692950,1158600,1979500,1309500,1630300
Q16795,546960,466750,69663,1627900,4291100,2856700
Q16799,11569000,14038000,13712000,18718000,29216000,41948000
Q16853,7472900,4187400,863440,4080900,20249000,13120000
Q16891,467060,0,0,0,0,1105400
Q1KMD3,719750,714440,0,464670,0,0
Q27J81,718250,657030,3048400,3220000,409410,1588700
Q2LD37,613560,804040,459290,950910,1604800,1284300
Q2M389,1420600,1302100,936410,1331600,1231900,2019800
Q2NKX8,8335800,5339100,6096600,0,4213900,3539300
Q2Y0W8,1203400,0,306140,684420,416440,1111200
Q32P41,0,0,0,0,0,0
Q32P44,505510,381510,465320,535720,876990,1068600
Q3KQU3,3247400,759270,503160,4705000,3009800,5325000
Q3ZCM7,0,0,0,0,1007800,0
Q4KMP7,521550,99953000,5028800,5337300,119050000,17739000
Q53GQ0,1748000,9465000,2039900,6791900,9488200,8976500
Q5BJF6,6099900,3637800,14310000,4226000,3079400,4721700
Q5D862,4605000,2064600,4051300,4197000,3829900,6703200
Q5HYW3,46495000,75935000,0,60840000,31690000,2562600
Q5JXC2,537260,809810,0,450920,260910,190420
Q5SQI0,1457900,1785100,1613800,1714600,324090,2001100
Q5SSJ5,3817900,4659700,3864800,5782600,2359200,4927900
Q5T4T6,60017000,47671000,77387000,31248000,27759000,37957000
Q5T749,4082700,3433700,1931200,3280100,1364700,6874600
Q5VTE0,94965000,87175000,92452000,84814000,73812000,99156000
Q5VWN6,2613000,1787200,3899600,3087900,1816900,8580100
Q66PJ3,4443400,1508300,0,4654400,4295200,1030100
Q69YW2,3747200,3547400,4142000,9706400,6722700,11848000
Q6DN90,5219900,1004300,521960,1233600,3208300,3038100
Q6IQ22,613510,0,232350,271760,572770,345200
Q6KB66,335510,299370,245600,0,0,1702900
Q6NXT6,579230,659330,0,0,0,721630
Q6NZI2,4957800,4435200,2938200,3999100,10973000,5483600
Q6P1Q0,4957600,4209400,1272300,5608700,4470900,3666700
Q6PCB0,2632100,1529700,1322900,12543000,1476800,1057100
Q6PGP7,983240,1728100,958390,1937100,1697200,2073500
Q6PIU2,599560,464040,240860,381050,725010,957030
Q6UWR7,1875500,8477800,2221100,971960,1732500,1261000
Q6ZV73,2052200,0,1502500,0,868850,1063700
Q6ZVX7,0,0,453210,948060,534420,0
Q71DI3,24235000,30528000,22276000,28794000,22322000,30472000
Q71U36,30555000,30665000,28252000,29117000,37981000,39611000
Q7L099,3640000,6771700,3430100,3027600,4884500,6503600
Q7L0J3,4583400,4560900,3300500,6380900,9779600,11244000
Q7L1I2,2354900,1538500,1464100,3888800,1597000,8067300
Q7L266,5109000,1976200,3363600,2377200,4988400,5186100
Q7L590,5657000,0,0,0,0,0
Q7Z3B1,8065500,4424800,5908000,6279600,8024300,9287600
Q7Z406,879660,4824100,3807400,3232900,3874800,4502600
Q7Z4S6,20702000,14963000,6372000,15584000,21272000,27773000
Q7Z6L0,8270200,2021100,5484500,4751700,5877600,6157100
Q7Z794,8134800,1476200,6283800,6971800,7856800,5417800
Q86SE8,627070,396020,0,873250,508750,688550
Q86SK9,1952600,1993400,1624300,1238900,2282900,1814300
Q86TU7,0,0,0,8358600,0,4073800
Q86U42,0,0,0,0,0,0
Q86VP6,1600400,2544300,1885800,3440900,4458400,4281900
Q86W50,0,0,0,0,0,0
Q86X76,2435600,3280900,0,7064000,3048600,2299300
Q86Y46,17421000,19738000,24404000,36252000,24355000,93061000
Q86YR5,0,698840,472960,0,0,755510
Q86YZ3,9352200,10318000,31092000,9959000,8443200,25907000
Q8IU85,1674100,781550,0,0,0,0
Q8IVP5,466280,773860,0,791230,970400,1290800
Q8IW45,9443200,4829400,3629700,4355300,5939300,7428200
Q8IXJ6,98596000,101890000,93241000,87509000,33021000,60740000
Q8IY81,1732100,0,0,0,0,369160
Q8IYB3,1424100,0,0,896380,0,381270
Q8IYB4,294750,0,0,0,0,0
Q8IZP2,3939100,3611900,4069100,4231100,4696200,4595800
Q8N111,956760,917320,658410,1086700,1403700,1378000
Q8N126,1993400,2784200,1273400,2147600,3516000,3283900
Q8N1N4,4034200,514950,3602200,5296800,4410800,11245000
Q8N257,169870000,198810000,144940000,196470000,227460000,215420000
Q8N3J6,4015800,555450,1553500,2081200,4439300,4688000
Q8N568,1352300,0,0,0,1296600,1547900
Q8N573,1263200,745620,768980,481070,1714800,1658000
Q8N5J2,367990,2202300,2967900,1640500,170750,2114100
Q8N608,1160000,1702300,208890,2240300,1440300,1529700
Q8N987,368140,0,493120,308240,497440,557400
Q8NBH2,28412000,19542000,0,34696000,25455000,25085000
Q8NCB2,8039900,7285300,3959700,6974600,10097000,17767000
Q8NCW5,1820900,1263700,1265300,1843000,2931500,2453600
Q8NDH3,13431000,12253000,8870400,7938300,8758500,9466800
Q8NET4,0,0,0,0,0,224260
Q8NFW8,948970,510950,384150,0,1009700,1902500
Q8NFX7,56213000,60339000,91901000,80537000,17331000,53809000
Q8NFZ8,3551500,4130800,1477000,2283000,3296800,3755300
Q8NHM4,160300000,122850000,51588000,52941000,93836000,110270000
Q8NHP1,782470,798010,766190,591660,885480,919850
Q8TAG6,5152600,5656400,6603300,7029500,2504900,3895300
Q8TAM6,297300,157400,5516900,2585300,0,215100
Q8TB36,25008000,22530000,15759000,31655000,47972000,53928000
Q8TBH0,795170,785630,926300,1146900,437580,832060
Q8WUK0,0,0,0,255710,151210,158000
Q8WUM4,4067900,1922900,2335300,3582200,3641500,4004500
Q8WWI5,18849000,14184000,18578000,22629000,12773000,20300000
Q8WXD9,0,0,0,0,761820,0
Q8WXF7,1272000,1197300,1260900,1172700,1547300,1617500
Q8WZ42,18761000,27733000,27380000,1674000,6952400,0
Q8WZA0,638640,718930,1008800,1402300,760690,3610100
Q92522,10339000,11162000,11804000,10976000,11670000,12359000
Q92561,4423600,2755700,2147300,2524700,2216900,3769300
Q92598,4062400,3964500,3382400,3948600,3019600,4859100
Q92599,26603000,45664000,23026000,21804000,24534000,24380000
Q92736,647260,0,382730,103660,1013600,785960
Q92743,2796300,11912000,950660,3541000,12736000,9629400
Q92747,0,0,646290,803500,0,1511800
Q92752,140110000,103340000,106810000,81792000,85111000,134020000
Q92777,7125700,8297700,5708500,8263500,23813000,36230000
Q92820,1896200,0,0,2860300,5432600,2839000
Q92823,5333500,1947100,3196000,3352000,6044300,14104000
Q92841,3390900,1369500,752230,831910,1480100,1559000
Q92930,0,0,0,0,732680,0
Q93050,10401000,6182200,6242400,13298000,23008000,44909000
Q969P0,15133000,10393000,9331700,12646000,15654000,21463000
Q969Q0,10804000,5736700,6745400,9235700,8586400,15819000
Q969X1,1484700,777320,1385400,1095800,497110,1357200
Q96A65,1934900,554340,363340,984880,873540,2950300
Q96BM9,231830,234020,182730,364670,298290,215480
Q96CW1,11761000,19164000,11409000,17703000,24908000,22994000
Q96DA0,0,0,0,620940,0,0
Q96DB2,13446000,16118000,17541000,13045000,2538300,11308000
Q96DD7,3957900,1049100,3447400,6389000,2552900,4114600
Q96F07,52538,3316900,2367500,2617300,3658100,7197600
Q96F85,6205800,4863100,4809700,5222100,3651400,7584400
Q96FJ2,12199000,15889000,13324000,12508000,8124400,13123000
Q96FW1,4902100,7641200,6747100,4131700,10442000,20903000
Q96FZ7,4248900,4390900,3461400,1476800,4794000,6902700
Q96G97,1853000,1872500,1957800,1765300,2464400,4395500
Q96GD0,376560,0,449140,475700,546000,752440
Q96GW7,66146000,39774000,20175000,37879000,28384000,27618000
Q96HU8,364640,200180,271730,286300,524710,331160
Q96JE9,833680,1105500,1074800,2450800,3280300,5719500
Q96KP4,60724000,69694000,39321000,73142000,32871000,51194000
Q96N66,312520,0,0,522000,452550,671390
Q96NS1,1131900,932920,1804300,2834400,714560,1244600
Q96P47,0,0,0,0,2253900,1003000
Q96P63,2772500,1023800,2685300,3037100,3035600,4702800
Q96PV0,2011700,0,0,552380,808200,2797700
Q96PY5,8157700,8367700,9467800,5829000,4049000,5242900
Q96QK1,3673300,1006200,1002900,1001300,2060200,5829300
Q96R05,835700,1161300,1291000,1033300,0,704890
Q96S86,145930000,113530000,37998000,63497000,53459000,0
Q96S97,54670000,49657000,48333000,64122000,15437000,46662000
Q99250,3539600,1776500,1857900,1708800,1295700,5165300
Q99426,1578600,1518500,1789200,663210,1367300,1657600
Q99436,163140000,99151000,115430000,131250000,135370000,183740000
Q99497,11844000,3151400,8539400,13262000,11053000,15615000
Q99523,1234100,807080,1235000,1095200,417220,1011400
Q99536,8940400,13875000,12744000,13384000,5544500,8598700
Q99623,1517900,814300,1329600,1772300,2037400,2740700
Q99719,4493300,6983600,4777000,805910,4298200,5250600
Q99747,1641000,4775000,2176400,3772400,1716100,5057300
Q99798,21170000,12533000,17911000,24322000,33301000,37964000
Q99832,2803500,2509000,3148000,2506500,2358700,3587300
Q99878,33884000,37974000,37583000,52078000,41424000,39734000
Q99880,32218000,35618000,28707000,41376000,42371000,45081000
Q99946,1216700,0,0,0,0,710850
Q99962,2664200,1434300,1994000,3072700,5362100,6333800
Q99963,596770,267550,304070,0,0,558560
Q99996,541870,0,474400,671730,774130,0
Q9BPU6,18696000,18993000,13795000,10381000,11318000,14971000
Q9BPW8,278730,361290,0,809070,1207700,688430
Q9BQE3,0,0,0,0,8489700,0
Q9BRF8,1410300,1273200,1413600,571470,405560,733420
Q9BRK0,9909800,10775000,3734800,13853000,10450000,12316000
Q9BRX8,0,0,0,0,604310,0
Q9BS92,4780700,6149500,7706900,8909000,10847000,16826000
Q9BT88,237240,180030,189060,1133000,552870,0
Q9BTE1,271960,0,282190,342110,295210,335830
Q9BUP0,1885200,339000,391880,0,886150,2520000
Q9BUT1,983360,634600,696780,713090,0,801930
Q9BV47,8157900,5518200,5828600,11725000,3160800,9386400
Q9BVA1,3662800,3645900,2210700,1267200,0,4373600
Q9BVC6,1566600,1295900,1241000,1841100,2947900,2962100
Q9BW30,1916300,3516900,1858000,2316300,263010,4460900
Q9BWD1,6885200,805950,1279200,3881500,4980200,3970200
Q9BWM7,0,726140,268930,653610,2643400,3651300
Q9BWS9,0,128630,213880,326380,0,596460
Q9BX67,698750,0,673160,463150,0,0
Q9BXJ0,688960,415280,229020,1040500,721930,8615600
Q9BXS5,0,0,0,0,0,0
Q9BXW6,2132600,0,948320,1053400,748560,478530
Q9BY11,11181000,7028300,9728200,11699000,18557000,22674000
Q9BY84,0,0,169740,245630,404340,0
Q9C040,754690,695870,423150,828630,347460,770420
Q9GZM7,221760000,375010000,217350000,1194900000,496340000,617910000
Q9GZP4,823720,441290,2272500,2912700,891700,3003500
Q9GZV7,2506400000,1999600000,333960000,350800000,1346700000,461990000
Q9H0E2,2105600,2335500,1781600,2472100,2856300,3082500
Q9H0U4,4411800,3976300,3961900,3270800,4446700,5356100
Q9H0U6,0,333950,0,1864100,0,580550
Q9H115,17982000,11454000,12447000,11999000,26052000,37237000
Q9H1C7,3103000,1644400,6133400,479780,1221500,1190600
Q9H2X9,7512100,3164100,898970,2334400,10049000,3941000
Q9H3Z4,2434600,1207500,2378900,2382000,5235200,4311400
Q9H4G0,14141000,11548000,6360600,11440000,14823000,14078000
Q9H4G4,6979100,2810300,6451200,6389900,1081700,4751000
Q9H598,2973700,533030,1591000,2418100,2066200,7063100
Q9H741,16675000,13218000,13577000,9912600,12163000,12657000
Q9H7D0,0,235830,911390,0,0,0
Q9H8H3,2366300,2240000,1075700,1773000,3675300,5000500
Q9H902,796910,607650,280280,1297500,683210,2159200
Q9H936,1885800,0,887360,4597600,3068700,5899300
Q9H9B4,1493100,2228400,829750,1241200,2215200,2448300
Q9H9H5,538510,1557900,805830,806760,199390,694860
Q9HAT2,783730,638940,0,0,1228200,0
Q9HB21,707550,390110,457880,571650,0,784640
Q9HB71,1079200,1136300,590400,1265600,1640400,1823600
Q9HC38,437100,586250,572330,680590,781280,943300
Q9HCC0,400600000,21245000,150290000,240140000,358550000,386540000
Q9HDC9,969430,1125200,845900,1615500,1210500,2006800
Q9NP55,754640,976040,610310,1192800,0,0
Q9NP64,0,0,423550,668620,731860,525040
Q9NP72,872100,978200,1104400,1014600,1055000,1735000
Q9NPH2,3260700,2467000,327540,2450700,4538100,5159700
Q9NQ66,17504000,9792700,7984400,8551600,17009000,10110000
Q9NQC3,23309000,16445000,10846000,26882000,47327000,41712000
Q9NQR4,363700,496930,368640,352110,0,552760
Q9NQW6,3748600,6597700,4694400,2957500,0,1066800
Q9NR31,0,0,1208700,0,0,0
Q9NR46,1718200,424690,690710,1969300,2280900,5396600
Q9NRN5,362120,1063400,0,0,2143300,0
Q9NRV9,8248900,2409300,7825000,8744200,4241200,7617600
Q9NRZ5,1201800,1848000,1047600,213850,1490800,1522900
Q9NRZ7,2255100,2227400,2381400,3591600,1962500,4974200
Q9NS39,2026800,2202900,6500800,16260000,597750,670570
Q9NTJ4,1896800,1233100,1234200,688080,689760,769330
Q9NUM4,8583700,0,14012000,41166000,44095000,30425000
Q9NUQ2,0,0,147610,0,719120,969700
Q9NUQ9,4415300,7067200,5824700,5799000,3048800,9447300
Q9NVA2,48609000,63770000,41834000,71072000,76513000,88442000
Q9NVI7,0,721100,0,0,1603800,0
Q9NVJ2,109720,245040,0,434910,686810,539340
Q9NVQ4,1089600,1467300,838200,1698800,612220,952540
Q9NY35,0,0,0,0,0,0
Q9NY65,1911800,1378400,1552500,674910,2384900,1646700
Q9NYI0,3947100,1725700,1419500,1242100,3499800,9114400
Q9NYL5,0,0,0,0,0,0
Q9NZ45,1434600,1786900,1345200,2514500,3621400,2677300
Q9NZD2,4203800,3381500,3075500,1456400,3878000,4458700
Q9NZJ7,8541800,10613000,8174600,14688000,25474000,20502000
Q9NZN3,1918300,0,2592000,2300600,2190800,2815000
Q9NZR1,1050200,835220,179130,665250,1127900,1478400
Q9NZT1,2859100,5232600,1877900,3231400,1849600,2624500
Q9P035,3338900,3446800,3579900,4169500,2789200,6472000
Q9P0J0,1205400,1566500,1065400,2528800,3523600,3075700
Q9P0M6,0,535660,695540,1073100,1309500,1366200
Q9P0V9,0,0,0,0,0,0
Q9P273,0,0,0,0,0,0
Q9P2R7,5254000,6384700,500940,7165700,10278000,13505000
Q9P2U7,0,700730,797980,972200,1039000,1774200
Q9UBB6,7275400,3114100,3209800,3859100,5252900,9732200
Q9UBQ7,3380800,3453500,2581300,3892500,1945200,3096900
Q9UEY8,3836800,5501100,3857100,4335600,4017500,6420500
Q9UF11,338870000,298280000,316710000,413330000,168300000,251980000
Q9UFN0,42510000,45251000,39685000,50085000,53853000,65563000
Q9UGM3,5410000,4624200,2731300,3829700,2248800,2762900
Q9UH03,4298300,2458400,1828500,4897000,4239300,11404000
Q9UHD8,2389200,2269100,4180900,2044300,4853100,3470700
Q9UHY7,1765900,1540600,2911700,3837400,2168000,4110500
Q9UI09,294870,474320,450810,312370,1041800,488220
Q9UI12,2403400,2975200,2348900,3119700,4314600,4150700
Q9UI15,3711800,2033400,2118500,3251300,4277500,6930900
Q9UJ70,319130,846770,1811700,755470,0,872500
Q9UK22,4332900,4185000,5472700,5653500,7091300,7917100
Q9UKK3,397280,429080,0,829310,0,335820
Q9UKK9,614750,789830,0,0,949270,862140
Q9UKU0,0,1527700,0,0,0,0
Q9ULA0,132880000,95049000,12050000,95648000,35826000,53882000
Q9ULB1,446650,1397900,0,950750,4452500,419130
Q9ULC4,0,0,943300,0,0,0
Q9ULP9,0,832930,419410,377130,595750,889620
Q9ULT8,2471200,1692800,1340600,1231500,0,0
Q9ULU8,2564900,2737200,1564800,3161700,3834900,8390700
Q9UM22,12054000,8083800,7684200,17739000,23555000,15742000
Q9UM54,2535400,1590400,2656100,2979600,715310,1114600
Q9UN36,9558400,8338900,12837000,3713700,10936000,15478000
Q9UNF1,0,230910,134310,347920,503400,502940
Q9UNS2,0,0,157850,0,0,0
Q9UNW9,1108700,334070,0,458370,335880,1029900
Q9UPV7,0,0,475490,0,0,1863600
Q9UPW5,946860,323200,199610,611940,989380,415980
Q9UPX0,25882000,11112000,8958100,15484000,12377000,18303000
Q9UPY8,0,673670,0,0,0,1446800
Q9UQ16,5587700,5725700,4768200,5417700,3766200,6873200
Q9UQM7,5637700000,4302600000,2083600000,3579000000,5840200000,3435000000
Q9Y241,575850,573780,786070,1167600,1179600,1289100
Q9Y277,17315000,16279000,11855000,15458000,20912000,24980000
Q9Y281,11426000,8352800,17150000,16774000,5590800,15251000
Q9Y285,285320,140430,0,339040,298590,576040
Q9Y2A7,217190,3229900,1145000,1593600,3922300,4176500
Q9Y2J2,57357000,38120000,29632000,32552000,33524000,46850000
Q9Y2J8,18655000,20865000,19073000,17994000,8099200,11548000
Q9Y2Q0,1512100,1178300,977380,1701100,1769200,2681100
Q9Y2Q3,3533200,2323300,2281500,2146200,2440400,3257700
Q9Y2S2,5275100,4258100,12091000,8731800,3032400,7512300
Q9Y2T3,73393000,61829000,35464000,45086000,51273000,65948000
Q9Y2X3,8781100,2463800,884890,4219500,4814700,4794700
Q9Y342,3323800,3071900,3677200,4016200,5498200,3464300
Q9Y383,3895600,2036800,1400500,1349500,3496200,2021700
Q9Y3A2,6235700,6612600,0,4497900,3691800,0
Q9Y3A5,33449000,37253000,31203000,37708000,13252000,27278000
Q9Y3B4,547010,0,745750,753550,304820,497580
Q9Y3D6,3240700,4874300,3514400,3294100,2023400,3201900
Q9Y3U8,41518000,28304000,26631000,40146000,46288000,53138000
Q9Y490,268080,0,0,813420,410020,552110
Q9Y4F1,332010,252320,169180,293140,367100,571750
Q9Y4I1,51867000,50461000,22277000,39814000,66255000,53038000
Q9Y5J5,26185000,22825000,17984000,42117000,6854500,30998000
Q9Y5K8,48017000,42717000,25695000,73720000,71098000,69002000
Q9Y617,36960000,32989000,39566000,33537000,41543000,44563000
Q9Y639,5373100,1339800,2169000,2784700,4378900,10460000
Q9Y696,17515000,10443000,28015000,20706000,4475300,8500000
Q9Y6C9,507320,533460,445030,696270,710420,2136200
Q9Y6K8,1734900,632120,627990,1816000,465730,1132500
Q9Y6M9,1700800,955930,985390,1259800,1423100,2142300
Q9Y6R1,0,0,1197000,0,2485700,3305500
Q9Y6R7,1162500,118010,0,0,0,0
